filmID,peakViewDate
1,2022-04-15
2,2024-01-08
3,2022-11-18
4,2020-07-06
5,2023-09-12
6,2024-05-13
7,2023-11-24
8,2021-11-25
9,2023-05-06
10,2020-06-01
11,2023-01-19
12,2024-04-16
13,2023-05-26
14,2024-03-20
15,2021-09-13
16,2024-03-07
17,2024-03-02
18,2022-10-04
19,2024-01-24
20,2024-03-23
21,2024-01-07
22,2022-07-26
23,2022-09-26
24,2022-06-04
25,2024-04-08
26,2022-01-04
27,2021-11-07
28,2020-02-12
29,2022-01-07
30,2024-03-16
31,2023-07-23
32,2020-12-07
33,2021-11-08
34,2023-03-18
35,2021-12-23
36,2022-12-16
37,2024-08-03
38,2021-04-24
39,2023-07-05
40,2024-03-10
41,2024-01-02
42,2023-04-20
43,2021-05-31
44,2024-01-12
45,2024-03-14
46,2023-06-16
47,2022-12-31
48,2023-04-03
49,2023-01-12
50,2023-10-24
51,2022-06-18
52,2021-03-29
53,2024-03-28
54,2021-05-29
55,2021-04-30
56,2024-07-17
57,2021-08-02
58,2024-04-19
59,2021-02-23
60,2022-03-04
61,2021-12-02
62,2024-09-18
63,2021-05-05
64,2022-04-12
65,2023-03-21
66,2023-01-28
67,2020-11-28
68,2024-02-19
69,2022-12-22
70,2020-03-31
71,2022-04-08
72,2022-07-13
73,2020-06-30
74,2022-02-17
75,2023-12-05
76,2024-04-08
77,2020-05-05
78,2022-08-19
79,2024-03-14
80,2023-06-28
81,2023-01-30
82,2022-05-27
83,2023-12-26
84,2022-02-13
85,2023-12-03
86,2023-11-18
87,2022-01-09
88,2024-03-28
89,2024-02-19
90,2023-05-03
91,2024-01-25
92,2024-04-19
93,2021-04-08
94,2020-06-18
95,2024-01-18
96,2022-01-09
97,2021-12-26
98,2024-05-08
99,2021-09-02
100,2024-03-25
101,2021-01-31
102,2023-10-16
103,2024-04-21
104,2020-09-28
105,2023-01-19
106,2021-06-10
107,2022-12-06
108,2020-09-19
109,2024-03-23
110,2024-04-09
111,2024-05-30
112,2022-09-04
113,2024-01-12
114,2023-11-02
115,2024-04-22
116,2023-08-29
117,2024-01-26
118,2024-01-11
119,2022-02-05
120,2021-06-28
121,2024-03-08
122,2021-11-23
123,2024-03-31
124,2024-01-14
125,2024-03-07
126,2023-07-19
127,2022-11-02
128,2024-01-17
129,2022-09-23
130,2023-07-26
131,2023-11-05
132,2022-03-24
133,2024-02-11
134,2024-02-22
135,2024-02-04
136,2022-10-29
137,2023-02-26
138,2024-02-11
139,2024-01-09
140,2023-05-27
141,2024-04-29
142,2021-12-27
143,2023-11-30
144,2022-01-21
145,2021-04-06
146,2020-06-29
147,2023-07-07
148,2023-12-16
149,2022-05-22
150,2022-04-26
151,2024-02-29
152,2024-03-05
153,2023-11-07
154,2023-05-15
155,2021-12-27
156,2023-11-02
157,2022-12-08
158,2023-05-15
159,2023-12-21
160,2021-10-29
161,2024-11-19
162,2022-04-07
163,2023-10-13
164,2024-02-23
165,2021-03-11
166,2024-07-28
167,2022-10-03
168,2023-06-12
169,2021-11-12
170,2024-04-01
171,2023-05-30
172,2022-10-02
173,2022-01-17
174,2023-10-14
175,2024-04-16
176,2022-12-27
177,2022-09-21
178,2022-02-07
179,2022-07-03
180,2020-08-25
181,2022-04-20
182,2024-02-16
183,2024-02-05
184,2023-01-12
185,2024-12-07
186,2022-11-13
187,2024-02-27
188,2020-08-17
189,2023-02-27
190,2020-02-19
191,2020-03-05
192,2023-01-02
193,2024-04-25
194,2023-01-21
195,2023-09-30
196,2021-09-09
197,2024-04-21
198,2020-05-13
199,2020-05-09
200,2024-03-28
201,2024-03-19
202,2023-12-07
203,2020-05-23
204,2024-01-30
205,2024-01-27
206,2020-04-25
207,2021-03-17
208,2023-07-29
209,2020-10-25
210,2021-12-10
211,2021-12-03
212,2020-07-05
213,2024-01-13
214,2021-05-19
215,2023-10-21
216,2021-10-20
217,2022-12-27
218,2022-08-11
219,2024-01-07
220,2020-05-07
221,2024-05-13
222,2022-12-15
223,2022-09-04
224,2024-03-10
225,2022-03-23
226,2023-12-07
227,2021-07-30
228,2020-10-28
229,2024-05-23
230,2022-12-31
231,2022-03-20
232,2023-01-28
233,2023-05-13
234,2024-02-25
235,2022-10-16
236,2021-07-20
237,2024-05-03
238,2021-09-14
239,2022-09-29
240,2020-09-20
241,2020-03-13
242,2020-02-24
243,2023-12-22
244,2023-04-25
245,2021-11-22
246,2020-11-12
247,2022-04-20
248,2021-08-02
249,2021-08-17
250,2023-06-13
251,2024-01-31
252,2024-02-13
253,2024-02-27
254,2022-09-10
255,2024-02-07
256,2020-09-12
257,2022-08-28
258,2024-01-27
259,2021-07-22
260,2023-06-19
261,2024-01-31
262,2023-08-09
263,2023-12-09
264,2024-02-18
265,2024-01-22
266,2021-11-11
267,2024-03-09
268,2022-09-24
269,2022-08-07
270,2020-06-24
271,2024-04-13
272,2024-03-18
273,2024-02-23
274,2022-04-20
275,2024-02-21
276,2021-10-27
277,2023-10-08
278,2024-01-22
279,2024-07-27
280,2023-11-25
281,2023-08-07
282,2022-01-11
283,2023-03-09
284,2024-01-25
285,2024-01-26
286,2020-09-29
287,2024-02-15
288,2024-01-14
289,2024-03-07
290,2022-03-11
291,2023-09-30
292,2024-04-23
293,2024-02-08
294,2023-04-09
295,2024-03-11
296,2022-01-21
297,2023-08-12
298,2024-01-16
299,2023-02-23
300,2022-07-27
301,2024-02-22
302,2022-07-04
303,2020-09-30
304,2022-07-21
305,2022-12-09
306,2020-08-16
307,2023-02-08
308,2024-04-07
309,2023-12-28
310,2023-09-08
311,2021-06-29
312,2021-07-14
313,2022-01-11
314,2022-11-20
315,2021-08-22
316,2023-07-22
317,2024-10-17
318,2024-02-15
319,2023-11-16
320,2023-03-30
321,2023-02-18
322,2023-05-04
323,2022-04-17
324,2023-10-19
325,2022-04-30
326,2021-05-30
327,2024-01-03
328,2021-11-10
329,2022-12-24
330,2024-04-25
331,2022-05-13
332,2024-03-23
333,2024-01-10
334,2022-04-19
335,2023-07-25
336,2024-01-16
337,2023-06-15
338,2023-02-05
339,2023-08-13
340,2021-03-15
341,2024-05-27
342,2024-01-18
343,2020-09-26
344,2021-10-10
345,2021-03-10
346,2024-01-07
347,2023-06-01
348,2023-06-02
349,2023-10-22
350,2024-03-07
351,2022-02-24
352,2024-01-07
353,2022-12-10
354,2024-03-02
355,2023-10-25
356,2022-10-23
357,2024-02-26
358,2023-07-26
359,2024-03-17
360,2022-08-06
361,2022-08-04
362,2024-01-04
363,2020-09-29
364,2021-03-04
365,2023-05-19
366,2021-08-30
367,2022-10-17
368,2020-01-26
369,2022-08-25
370,2020-03-26
371,2023-02-15
372,2022-03-18
373,2024-01-13
374,2024-04-15
375,2023-10-04
376,2023-07-13
377,2023-09-05
378,2024-03-12
379,2020-06-06
380,2024-01-08
381,2024-01-12
382,2024-01-25
383,2020-08-04
384,2022-11-10
385,2021-08-21
386,2024-03-14
387,2021-11-04
388,2022-09-23
389,2023-08-07
390,2024-03-11
391,2023-09-10
392,2020-09-11
393,2024-01-01
394,2024-01-22
395,2021-10-02
396,2023-04-27
397,2023-06-05
398,2024-01-15
399,2024-12-28
400,2023-09-09
401,2024-09-13
402,2021-06-01
403,2022-01-27
404,2022-01-20
405,2023-05-14
406,2023-02-24
407,2022-05-21
408,2024-04-23
409,2023-03-11
410,2022-03-30
411,2024-01-20
412,2024-01-08
413,2020-10-24
414,2023-06-12
415,2023-11-11
416,2021-09-04
417,2024-07-23
418,2023-03-18
419,2023-05-31
420,2021-05-04
421,2024-03-20
422,2021-04-19
423,2020-07-08
424,2021-03-18
425,2024-01-04
426,2024-01-08
427,2024-03-01
428,2022-11-18
429,2020-04-18
430,2023-01-22
431,2023-11-04
432,2023-02-14
433,2020-06-30
434,2022-03-11
435,2022-08-19
436,2023-02-07
437,2023-06-04
438,2021-02-19
439,2022-01-03
440,2021-10-31
441,2023-08-10
442,2023-01-17
443,2020-11-13
444,2022-06-03
445,2024-01-04
446,2021-09-26
447,2023-07-14
448,2024-01-09
449,2023-05-23
450,2023-04-22
451,2024-02-13
452,2024-01-26
453,2020-09-08
454,2022-11-24
455,2024-09-20
456,2020-07-02
457,2023-06-20
458,2022-11-16
459,2020-12-08
460,2021-12-16
461,2023-07-23
462,2024-03-02
463,2021-10-05
464,2024-02-24
465,2022-10-01
466,2022-06-08
467,2021-08-20
468,2024-01-30
469,2023-07-07
470,2024-02-22
471,2023-12-22
472,2022-12-29
473,2023-02-12
474,2024-04-11
475,2020-09-15
476,2023-09-10
477,2022-12-23
478,2023-04-08
479,2023-08-08
480,2022-01-04
481,2023-11-06
482,2023-05-21
483,2020-11-16
484,2023-04-09
485,2021-09-03
486,2020-08-30
487,2022-04-26
488,2024-08-31
489,2021-08-18
490,2023-11-16
491,2021-01-02
492,2021-01-23
493,2023-08-25
494,2020-06-15
495,2022-01-17
496,2022-12-30
497,2021-02-05
498,2023-04-22
499,2022-05-25
500,2024-02-05
501,2020-08-10
502,2024-12-02
503,2023-12-29
504,2023-04-07
505,2023-03-31
506,2024-05-02
507,2021-12-31
508,2022-05-21
509,2022-11-11
510,2023-11-01
511,2024-02-12
512,2021-10-10
513,2021-07-03
514,2024-04-14
515,2024-08-09
516,2022-01-26
517,2021-03-07
518,2021-04-26
519,2021-09-11
520,2023-02-17
521,2024-01-10
522,2022-01-03
523,2020-03-06
524,2024-02-28
525,2023-05-16
526,2024-04-25
527,2023-04-20
528,2024-02-23
529,2023-05-02
530,2021-07-31
531,2020-11-09
532,2022-12-03
533,2023-08-26
534,2021-03-25
535,2023-09-23
536,2023-09-24
537,2024-03-22
538,2022-02-11
539,2022-06-25
540,2021-04-02
541,2023-10-15
542,2020-05-27
543,2024-06-12
544,2024-01-30
545,2022-05-12
546,2022-05-01
547,2022-08-26
548,2024-03-29
549,2022-10-27
550,2023-07-07
551,2023-02-12
552,2023-01-31
553,2022-09-11
554,2024-01-09
555,2023-08-26
556,2023-06-04
557,2021-05-30
558,2024-01-17
559,2021-06-04
560,2024-02-16
561,2024-04-03
562,2023-12-24
563,2021-08-01
564,2023-06-19
565,2023-01-18
566,2022-12-04
567,2023-12-22
568,2020-11-18
569,2024-03-05
570,2024-06-19
571,2024-04-04
572,2020-08-09
573,2022-08-14
574,2022-03-26
575,2024-02-17
576,2024-04-12
577,2023-11-23
578,2024-01-28
579,2024-01-25
580,2021-11-08
581,2023-10-23
582,2023-07-10
583,2023-11-30
584,2022-12-06
585,2020-11-21
586,2020-11-02
587,2023-10-31
588,2022-04-13
589,2022-09-16
590,2021-09-27
591,2024-01-24
592,2023-10-03
593,2022-03-21
594,2022-07-14
595,2023-04-12
596,2021-07-17
597,2022-11-01
598,2022-04-06
599,2024-02-22
600,2021-06-22
601,2020-11-30
602,2020-10-14
603,2024-01-09
604,2023-02-11
605,2022-03-09
606,2024-04-30
607,2023-10-04
608,2023-06-03
609,2021-12-15
610,2023-10-14
611,2021-12-25
612,2024-02-25
613,2023-07-13
614,2023-07-25
615,2022-02-24
616,2021-01-19
617,2024-03-25
618,2023-05-02
619,2023-08-31
620,2022-11-13
621,2022-07-18
622,2021-08-19
623,2021-12-12
624,2021-03-12
625,2022-05-10
626,2023-03-04
627,2024-02-06
628,2024-02-10
629,2023-01-12
630,2020-10-28
631,2023-12-26
632,2024-07-12
633,2022-01-06
634,2024-01-23
635,2021-07-12
636,2021-06-28
637,2023-03-25
638,2022-03-12
639,2022-08-10
640,2022-01-11
641,2024-02-04
642,2024-04-29
643,2024-03-26
644,2020-12-27
645,2024-02-21
646,2023-12-20
647,2021-09-22
648,2024-02-26
649,2024-04-11
650,2024-02-26
651,2024-01-23
652,2024-05-05
653,2024-02-07
654,2021-01-31
655,2020-04-29
656,2022-08-19
657,2021-08-15
658,2024-04-21
659,2022-12-14
660,2022-12-17
661,2024-05-03
662,2023-02-19
663,2024-01-09
664,2024-07-26
665,2024-01-05
666,2024-01-20
667,2021-02-13
668,2021-01-26
669,2023-07-04
670,2023-11-05
671,2024-01-01
672,2024-01-08
673,2023-04-03
674,2024-03-21
675,2024-03-13
676,2023-01-31
677,2024-04-24
678,2022-07-21
679,2023-07-22
680,2022-12-13
681,2021-11-05
682,2023-04-18
683,2023-08-03
684,2024-03-10
685,2022-11-19
686,2022-03-01
687,2024-10-15
688,2023-07-24
689,2021-07-17
690,2024-04-12
691,2022-07-10
692,2024-02-16
693,2023-11-06
694,2024-04-17
695,2024-04-17
696,2023-11-02
697,2020-06-11
698,2023-06-01
699,2021-09-28
700,2023-11-29
701,2023-08-30
702,2023-06-05
703,2023-01-12
704,2023-03-09
705,2023-06-02
706,2021-06-11
707,2022-04-02
708,2021-11-26
709,2021-01-17
710,2022-12-21
711,2024-07-13
712,2024-02-05
713,2022-07-26
714,2024-01-28
715,2024-02-02
716,2020-07-16
717,2023-08-04
718,2023-06-27
719,2023-03-25
720,2024-02-05
721,2024-03-04
722,2023-06-05
723,2022-09-14
724,2021-12-02
725,2024-02-27
726,2023-09-21
727,2023-10-16
728,2020-10-03
729,2022-11-18
730,2024-01-29
731,2021-05-05
732,2022-02-13
733,2022-06-16
734,2024-02-15
735,2023-07-15
736,2021-01-09
737,2020-11-29
738,2024-02-20
739,2023-08-02
740,2024-03-02
741,2024-04-28
742,2021-04-09
743,2024-01-09
744,2024-02-14
745,2021-08-13
746,2023-11-18
747,2022-12-23
748,2023-10-11
749,2024-04-28
750,2024-05-05
751,2023-06-10
752,2024-11-03
753,2024-04-03
754,2022-07-22
755,2024-03-08
756,2022-08-26
757,2022-04-03
758,2023-08-17
759,2022-01-10
760,2022-04-13
761,2022-06-21
762,2022-12-26
763,2023-07-26
764,2023-06-18
765,2020-11-07
766,2024-01-23
767,2024-03-19
768,2024-07-18
769,2022-01-16
770,2023-08-19
771,2023-07-05
772,2021-05-31
773,2023-09-04
774,2022-07-02
775,2023-01-20
776,2022-10-22
777,2023-07-04
778,2023-10-27
779,2023-11-02
780,2022-11-16
781,2024-01-16
782,2023-05-03
783,2023-07-14
784,2024-01-02
785,2022-01-23
786,2021-08-24
787,2024-01-09
788,2021-09-18
789,2024-01-17
790,2024-02-18
791,2021-06-06
792,2022-03-10
793,2021-02-12
794,2022-02-20
795,2022-12-05
796,2021-03-11
797,2024-02-18
798,2021-02-28
799,2024-01-06
800,2021-03-12
801,2023-08-10
802,2021-10-30
803,2024-01-06
804,2021-09-16
805,2024-01-10
806,2022-03-02
807,2023-06-28
808,2023-11-12
809,2022-02-25
810,2021-11-13
811,2020-03-24
812,2024-03-01
813,2021-10-28
814,2023-05-31
815,2024-01-14
816,2023-05-20
817,2020-05-11
818,2020-06-07
819,2024-02-21
820,2024-04-10
821,2021-01-15
822,2024-04-11
823,2024-07-14
824,2024-01-13
825,2021-05-31
826,2021-09-23
827,2021-11-11
828,2021-07-17
829,2021-12-15
830,2023-08-09
831,2023-11-08
832,2020-03-21
833,2020-07-04
834,2021-07-07
835,2023-05-25
836,2020-02-24
837,2023-07-29
838,2021-06-27
839,2020-09-14
840,2021-10-26
841,2020-11-22
842,2022-07-27
843,2023-09-28
844,2023-01-01
845,2021-01-14
846,2021-06-26
847,2023-10-15
848,2022-09-29
849,2022-12-03
850,2022-09-17
851,2023-07-21
852,2023-05-29
853,2022-05-15
854,2024-02-10
855,2021-11-29
856,2022-01-20
857,2020-08-11
858,2024-03-27
859,2023-11-02
860,2024-02-22
861,2024-01-08
862,2023-05-17
863,2022-08-24
864,2021-02-13
865,2023-09-22
866,2022-08-20
867,2022-09-04
868,2021-03-27
869,2024-02-16
870,2021-06-25
871,2023-02-15
872,2024-02-11
873,2022-10-08
874,2024-08-11
875,2023-07-13
876,2023-03-30
877,2022-03-07
878,2023-05-17
879,2022-05-02
880,2023-11-24
881,2024-09-20
882,2023-06-15
883,2022-09-19
884,2024-01-23
885,2021-08-28
886,2024-04-09
887,2023-10-25
888,2023-11-20
889,2022-03-16
890,2024-07-26
891,2022-03-17
892,2023-01-16
893,2021-05-04
894,2022-08-07
895,2020-03-13
896,2022-12-27
897,2024-01-20
898,2022-01-13
899,2024-01-11
900,2021-01-17
901,2022-08-08
902,2024-03-24
903,2022-05-03
904,2024-02-24
905,2024-04-29
906,2024-01-13
907,2024-09-19
908,2020-08-02
909,2022-07-05
910,2023-02-24
911,2022-08-24
912,2023-11-07
913,2023-07-06
914,2023-06-05
915,2022-04-19
916,2023-05-19
917,2022-05-05
918,2023-08-18
919,2023-12-25
920,2024-04-21
921,2022-04-20
922,2024-08-15
923,2023-12-23
924,2022-12-21
925,2023-06-29
926,2024-03-20
927,2024-07-03
928,2020-04-19
929,2020-07-29
930,2023-03-20
931,2023-01-03
932,2024-01-25
933,2021-08-24
934,2020-09-05
935,2021-04-16
936,2024-04-10
937,2022-12-05
938,2023-11-15
939,2022-06-09
940,2022-01-19
941,2024-02-18
942,2020-06-05
943,2024-03-30
944,2024-05-01
945,2023-12-04
946,2024-03-09
947,2024-03-17
948,2024-07-11
949,2024-02-19
950,2022-05-01
951,2022-01-29
952,2021-07-30
953,2023-05-14
954,2022-08-19
955,2021-06-17
956,2022-11-28
957,2023-09-15
958,2020-09-28
959,2024-01-28
960,2024-03-30
961,2023-03-09
962,2020-05-28
963,2021-05-28
964,2023-03-05
965,2022-11-22
966,2022-07-04
967,2024-06-17
968,2022-11-05
969,2020-06-09
970,2022-04-04
971,2024-04-12
972,2024-04-01
973,2024-02-15
974,2021-05-15
975,2022-05-10
976,2023-10-15
977,2020-12-13
978,2022-10-03
979,2021-11-03
980,2024-05-02
981,2022-01-22
982,2023-08-03
983,2024-12-25
984,2022-03-13
985,2022-06-01
986,2023-11-22
987,2024-02-06
988,2024-01-05
989,2022-10-29
990,2023-08-25
991,2022-07-26
992,2023-07-04
993,2024-03-16
994,2022-06-23
995,2020-02-27
996,2023-07-22
997,2023-04-09
998,2024-01-26
999,2023-08-18
1000,2021-02-20
