contentFactID,filmID,serieID,dateID,countryID,genreListID,countryListID,totalViews,averageRating,totalRatingsCount,totalWatchTime,peakViewDate
1501,1.0,,521,69,1,1,79,2.8481,79,6723.0,2022-04-15
1502,2.0,,1066,13,2,2,60,2.9,60,4626.0,2024-01-08
1503,3.0,,1270,161,3,3,71,2.7746,71,8482.0,2022-11-18
1504,4.0,,524,135,4,4,50,3.1,50,3119.0,2020-07-06
1505,5.0,,1384,133,5,5,52,3.0,52,5996.0,2023-09-12
1506,6.0,,568,134,6,6,26,3.4615,26,2541.0,2021-02-18
1507,7.0,,1778,188,7,7,111,2.8739,111,7223.0,2023-11-24
1508,8.0,,927,120,8,8,88,3.3409,88,9563.0,2021-11-25
1509,9.0,,1570,140,9,9,101,3.1584,101,7668.0,2023-05-06
1510,10.0,,518,187,10,10,53,2.6604,53,5946.0,2020-06-01
1511,11.0,,876,88,11,11,112,3.25,112,19820.0,2023-01-19
1512,12.0,,1791,1,12,12,58,2.5172,58,4365.0,2024-04-16
1513,13.0,,1468,129,13,13,66,3.0152,66,9192.0,2023-05-26
1514,14.0,,1744,164,14,14,64,2.9531,64,6690.0,2024-03-20
1515,15.0,,653,17,15,15,108,3.0926,108,12363.0,2021-09-13
1516,16.0,,469,141,16,16,42,3.0476,42,6291.0,2024-03-07
1517,17.0,,911,137,17,17,70,3.0429,70,10799.0,2024-03-02
1518,18.0,,1369,179,18,18,113,2.8407,113,15287.0,2022-10-04
1519,19.0,,1807,41,19,19,32,2.875,32,3359.0,2024-01-24
1520,20.0,,1873,141,20,20,96,2.9688,96,9585.0,2024-03-23
1521,21.0,,395,38,21,21,96,3.0729,96,10248.0,2024-01-07
1522,22.0,,877,33,22,22,108,2.9444,108,9550.0,2022-07-26
1523,23.0,,1289,85,23,23,89,2.7865,89,8060.0,2022-09-26
1524,24.0,,1177,84,24,24,78,3.1154,78,7232.0,2022-06-04
1525,25.0,,1683,109,25,25,69,2.9275,69,8041.0,2024-04-08
1526,26.0,,1068,165,26,26,94,3.0106,94,9716.0,2022-01-04
1527,27.0,,966,139,27,27,102,3.0098,102,8245.0,2021-11-07
1528,28.0,,388,9,28,28,96,2.9896,96,7398.0,2020-02-12
1529,29.0,,1064,153,29,29,30,2.9,30,4264.0,2022-01-07
1530,30.0,,1873,60,30,30,93,3.0323,93,11698.0,2024-03-16
1531,31.0,,881,84,31,31,42,3.2143,42,5725.0,2023-07-23
1532,32.0,,692,35,32,32,71,2.7324,71,12604.0,2020-12-07
1533,33.0,,1023,39,33,33,44,2.6591,44,7689.0,2021-11-08
1534,34.0,,435,166,34,34,96,2.7708,96,10962.0,2023-03-18
1535,35.0,,1034,179,35,35,52,2.8654,52,4932.0,2021-12-23
1536,36.0,,1314,86,36,36,92,3.2065,92,12726.0,2022-12-16
1537,37.0,,458,169,37,37,41,3.0732,41,3931.0,2024-08-03
1538,38.0,,671,161,38,38,101,3.0297,101,16165.0,2021-04-24
1539,39.0,,1156,28,39,39,98,2.7653,98,7379.0,2023-07-05
1540,40.0,,1876,122,40,40,71,3.0704,71,8166.0,2024-03-10
1541,41.0,,1811,95,41,41,46,3.2826,46,2992.0,2024-01-02
1542,42.0,,1569,188,42,42,77,2.9481,77,7833.0,2023-04-20
1543,43.0,,573,118,43,43,78,2.9872,78,13547.0,2021-05-31
1544,44.0,,1820,60,44,44,37,3.3243,37,5674.0,2024-01-12
1545,45.0,,570,193,45,45,46,3.0217,46,7120.0,2024-03-14
1546,46.0,,1613,26,46,46,66,3.4242,66,6197.0,2023-06-16
1547,47.0,,819,105,47,47,33,2.9091,33,4694.0,2022-12-31
1548,48.0,,1375,158,48,48,83,3.0361,83,14499.0,2023-04-03
1549,49.0,,972,149,49,49,99,2.9899,99,6397.0,2023-01-12
1550,50.0,,1275,178,50,50,45,3.3333,45,3624.0,2023-10-24
1551,51.0,,1207,112,51,51,100,3.01,100,8161.0,2022-06-18
1552,52.0,,752,172,52,52,27,3.0741,27,2713.0,2021-03-29
1553,53.0,,1864,178,53,53,40,2.85,40,5416.0,2024-03-28
1554,54.0,,858,49,54,54,24,3.5833,24,3705.0,2021-05-29
1555,55.0,,591,186,55,55,79,3.1392,79,9973.0,2021-04-30
1556,56.0,,620,188,56,56,33,2.9697,33,5945.0,2024-07-17
1557,57.0,,898,5,57,57,48,2.9375,48,7205.0,2021-08-02
1558,58.0,,1389,10,58,58,54,2.7778,54,6155.0,2024-04-19
1559,59.0,,759,106,59,59,70,3.2714,70,11862.0,2021-02-23
1560,60.0,,837,55,60,60,102,3.2059,102,7764.0,2022-03-04
1561,61.0,,1045,31,61,61,46,3.1522,46,3923.0,2021-12-02
1562,62.0,,616,84,62,62,29,2.7931,29,4233.0,2020-12-01
1563,63.0,,851,12,63,63,83,3.2651,83,13399.0,2021-05-05
1564,64.0,,1194,148,64,64,51,2.7843,51,3983.0,2022-04-12
1565,65.0,,1538,48,65,65,35,2.9714,35,5639.0,2023-03-21
1566,66.0,,389,148,66,66,91,3.1209,91,13022.0,2023-01-28
1567,67.0,,586,142,67,67,23,2.6957,23,3935.0,2020-11-28
1568,68.0,,1802,6,68,68,94,3.0213,94,9344.0,2024-02-19
1569,69.0,,1451,36,69,69,110,2.8091,110,17341.0,2022-12-22
1570,70.0,,411,47,70,70,63,3.0476,63,8372.0,2020-03-31
1571,71.0,,1135,124,71,71,86,3.0233,86,11594.0,2022-04-08
1572,72.0,,378,82,72,72,73,3.1507,73,6096.0,2022-07-13
1573,73.0,,526,97,73,73,46,3.1957,46,8080.0,2020-06-30
1574,74.0,,564,169,74,74,55,3.0,55,8333.0,2022-02-17
1575,75.0,,1769,20,75,75,83,3.1687,83,7950.0,2023-12-05
1576,76.0,,1587,164,76,76,93,3.2903,93,13465.0,2024-04-08
1577,77.0,,456,29,77,77,51,2.7647,51,6465.0,2020-05-05
1578,78.0,,1054,152,78,78,72,3.125,72,6930.0,2022-08-19
1579,79.0,,721,96,79,79,66,3.0909,66,5373.0,2024-03-14
1580,80.0,,756,181,80,80,80,2.9875,80,7542.0,2023-06-28
1581,81.0,,1485,52,81,81,56,3.1071,56,4878.0,2023-01-30
1582,82.0,,1022,8,82,82,86,2.9186,86,11038.0,2022-05-27
1583,83.0,,1634,122,83,83,103,2.8252,103,16800.0,2023-12-26
1584,84.0,,395,113,84,84,116,2.9569,116,17336.0,2022-02-13
1585,85.0,,1758,138,85,85,74,3.0405,74,10431.0,2023-12-03
1586,86.0,,1763,161,86,86,41,2.9268,41,3071.0,2023-11-18
1587,87.0,,936,148,87,87,82,2.9512,82,12757.0,2022-01-09
1588,88.0,,662,14,88,88,110,3.0273,110,15370.0,2024-03-28
1589,89.0,,572,57,89,89,36,3.0556,36,5091.0,2024-02-19
1590,90.0,,1325,134,90,90,71,3.2254,71,12160.0,2023-05-03
1591,91.0,,891,158,91,91,83,3.0241,83,12425.0,2024-01-25
1592,92.0,,1888,5,92,92,75,3.1467,75,7779.0,2024-04-19
1593,93.0,,641,60,93,93,106,3.0943,106,11034.0,2021-04-08
1594,94.0,,488,142,94,94,45,3.2444,45,7714.0,2020-06-18
1595,95.0,,638,25,95,95,71,2.9296,71,10313.0,2024-01-18
1596,96.0,,1094,140,96,96,87,2.9885,87,11571.0,2022-01-09
1597,97.0,,922,147,97,97,87,3.1149,87,11870.0,2021-12-26
1598,98.0,,809,18,98,98,34,2.8824,34,4747.0,2024-05-08
1599,99.0,,791,98,99,99,73,2.8767,73,10123.0,2021-09-02
1600,100.0,,1416,123,100,100,90,3.1222,90,9548.0,2022-12-31
1601,101.0,,392,102,101,101,22,2.5909,22,2800.0,2021-01-31
1602,102.0,,1317,175,102,102,44,3.0,44,7011.0,2023-10-16
1603,103.0,,846,129,103,103,53,3.0755,53,9256.0,2024-04-21
1604,104.0,,441,25,104,104,117,3.0256,117,9834.0,2020-09-28
1605,105.0,,1478,194,105,105,107,2.9439,107,11743.0,2023-01-19
1606,106.0,,862,115,106,106,25,3.12,25,4187.0,2021-06-10
1607,107.0,,751,115,107,107,82,2.9024,82,10198.0,2022-12-06
1608,108.0,,579,134,108,108,36,3.0278,36,4299.0,2020-09-19
1609,109.0,,1712,193,109,109,89,3.236,89,10260.0,2024-03-23
1610,110.0,,1822,59,110,110,70,2.8143,70,5718.0,2024-04-09
1611,111.0,,841,149,111,111,87,2.9195,87,9612.0,2024-05-30
1612,112.0,,919,98,112,112,70,2.9286,70,10406.0,2022-09-04
1613,113.0,,799,108,113,113,67,2.9403,67,11161.0,2024-01-12
1614,114.0,,1434,154,114,114,100,2.74,100,9681.0,2023-11-02
1615,115.0,,1784,115,115,115,34,3.2059,34,4427.0,2024-04-22
1616,116.0,,841,169,116,116,68,2.9118,68,11644.0,2023-08-29
1617,117.0,,584,139,117,117,56,3.1071,56,7137.0,2024-02-10
1618,118.0,,402,72,118,118,101,3.0792,101,14654.0,2024-01-11
1619,119.0,,1018,169,119,119,91,2.978,91,8756.0,2022-02-05
1620,120.0,,898,50,120,120,32,3.0,32,3633.0,2021-06-28
1621,121.0,,1883,173,121,121,32,3.2188,32,3452.0,2024-03-12
1622,122.0,,794,146,122,122,27,2.8148,27,4332.0,2021-11-23
1623,123.0,,1819,79,123,123,68,2.8676,68,6493.0,2024-03-31
1624,124.0,,749,89,124,124,59,2.8983,59,7826.0,2024-01-14
1625,125.0,,1407,83,125,125,34,2.9118,34,5344.0,2024-03-07
1626,126.0,,1644,84,126,126,91,2.989,91,13186.0,2023-07-19
1627,127.0,,1397,68,127,127,43,3.3023,43,3630.0,2022-11-02
1628,128.0,,1744,172,128,128,110,2.8091,110,11144.0,2024-01-17
1629,129.0,,1359,115,129,129,33,3.3333,33,4501.0,2022-09-23
1630,130.0,,1615,107,130,130,72,2.75,72,11979.0,2023-07-26
1631,131.0,,1696,157,131,131,53,2.8302,53,3322.0,2023-11-05
1632,132.0,,1167,158,132,132,46,2.913,46,7562.0,2022-03-24
1633,133.0,,1522,120,133,133,27,3.1852,27,3398.0,2024-02-11
1634,134.0,,1879,70,134,134,60,2.8167,60,10005.0,2024-02-22
1635,135.0,,1853,87,135,135,38,2.8947,38,4887.0,2024-02-04
1636,136.0,,1369,70,136,136,73,2.8904,73,8401.0,2022-10-29
1637,137.0,,1492,114,137,137,23,2.7826,23,2444.0,2023-02-26
1638,138.0,,1767,8,138,138,47,2.9362,47,3785.0,2024-02-11
1639,139.0,,915,158,139,139,62,3.0645,62,7956.0,2024-01-09
1640,140.0,,1600,46,140,140,66,3.0152,66,7020.0,2023-05-27
1641,141.0,,1437,66,141,141,38,3.2895,38,4388.0,2024-04-29
1642,142.0,,1086,149,142,142,81,3.1358,81,13270.0,2021-12-27
1643,143.0,,1732,141,143,143,85,2.8941,85,14331.0,2023-11-30
1644,144.0,,918,99,144,144,95,2.8842,95,10277.0,2022-01-21
1645,145.0,,632,166,145,145,67,3.0,67,8283.0,2021-04-06
1646,146.0,,408,46,146,146,27,3.037,27,2959.0,2020-06-29
1647,147.0,,1557,83,147,147,92,3.087,92,9852.0,2023-07-07
1648,148.0,,1515,174,148,148,104,3.0865,104,16274.0,2023-12-16
1649,149.0,,972,41,149,149,47,2.9149,47,5104.0,2022-05-22
1650,150.0,,714,152,150,150,88,2.9659,88,11174.0,2022-04-26
1651,151.0,,1584,46,151,151,28,3.1786,28,3508.0,2024-02-29
1652,152.0,,1617,136,152,152,37,2.7838,37,6393.0,2024-03-05
1653,153.0,,1738,73,153,153,84,3.3452,84,14269.0,2023-11-07
1654,154.0,,1532,82,154,154,25,3.32,25,2001.0,2023-05-15
1655,155.0,,986,155,155,155,105,2.9048,105,9270.0,2021-12-27
1656,156.0,,1745,172,156,156,60,3.1333,60,4567.0,2023-11-02
1657,157.0,,1350,60,157,157,103,3.0485,103,6187.0,2022-12-08
1658,158.0,,1387,98,158,158,105,3.0762,105,15224.0,2023-05-15
1659,159.0,,1518,112,159,159,54,3.2037,54,4210.0,2023-12-21
1660,160.0,,610,3,160,160,61,3.2459,61,6177.0,2021-10-29
1661,161.0,,1712,184,161,161,28,3.0357,28,2784.0,2024-11-19
1662,162.0,,978,151,162,162,80,3.0,80,8335.0,2022-04-07
1663,163.0,,742,27,163,163,58,3.0345,58,5809.0,2023-10-13
1664,164.0,,1869,102,164,164,109,3.0826,109,18388.0,2024-02-23
1665,165.0,,750,28,165,165,102,3.2549,102,14108.0,2021-03-11
1666,166.0,,763,176,166,166,23,2.9565,23,2650.0,2021-05-29
1667,167.0,,1323,16,167,167,26,3.1538,26,2926.0,2022-10-03
1668,168.0,,1588,44,168,168,33,3.2424,33,4739.0,2023-06-12
1669,169.0,,934,10,169,169,87,3.046,87,9308.0,2021-11-12
1670,170.0,,1828,107,170,170,86,3.1163,86,13673.0,2024-02-15
1671,171.0,,1363,106,171,171,63,2.873,63,10538.0,2023-05-30
1672,172.0,,1260,103,172,172,96,3.0417,96,9738.0,2022-10-02
1673,173.0,,1105,194,173,173,102,2.8529,102,13568.0,2022-01-17
1674,174.0,,1328,16,174,174,71,3.1549,71,11467.0,2023-10-14
1675,175.0,,589,40,175,175,70,2.8429,70,7165.0,2024-04-16
1676,176.0,,1416,66,176,176,97,3.1443,97,5895.0,2022-12-27
1677,177.0,,1314,187,177,177,34,3.0882,34,4106.0,2022-09-21
1678,178.0,,1085,97,178,178,36,3.6667,36,3258.0,2022-02-07
1679,179.0,,978,5,179,179,102,2.951,102,7503.0,2022-07-03
1680,180.0,,579,195,180,180,55,2.4909,55,6946.0,2020-08-25
1681,181.0,,1180,23,181,181,54,2.8704,54,8546.0,2022-04-20
1682,182.0,,949,55,182,182,86,2.7093,86,13368.0,2024-03-01
1683,183.0,,395,85,183,183,44,3.3182,44,7172.0,2024-02-05
1684,184.0,,1260,175,184,184,86,2.9535,86,12548.0,2023-01-12
1685,185.0,,913,128,185,185,25,2.88,25,4192.0,2021-08-26
1686,186.0,,487,124,186,186,111,2.8829,111,10914.0,2022-11-13
1687,187.0,,1274,121,187,187,66,3.1364,66,11230.0,2024-02-27
1688,188.0,,411,48,188,188,95,3.1895,95,15972.0,2020-08-17
1689,189.0,,1431,164,189,189,91,3.011,91,10866.0,2023-02-27
1690,190.0,,380,122,190,190,39,2.8462,39,5755.0,2020-02-19
1691,191.0,,383,48,191,191,26,2.9231,26,2636.0,2020-03-05
1692,192.0,,711,19,192,192,103,2.7961,103,7254.0,2023-01-02
1693,193.0,,1041,105,193,193,104,2.9423,104,18458.0,2024-04-25
1694,194.0,,716,79,194,194,92,3.0,92,15467.0,2023-01-21
1695,195.0,,1677,128,195,195,72,2.75,72,8425.0,2023-09-30
1696,196.0,,542,194,196,196,66,3.0,66,6753.0,2021-09-09
1697,197.0,,1434,155,197,197,80,2.8,80,11489.0,2024-04-21
1698,198.0,,438,189,198,198,64,3.2344,64,4228.0,2020-05-13
1699,199.0,,480,87,199,199,89,2.9326,89,14768.0,2020-05-09
1700,200.0,,1395,167,200,200,33,2.8788,33,4543.0,2024-03-28
1701,201.0,,928,95,201,201,55,2.9273,55,4756.0,2024-03-19
1702,202.0,,1768,20,202,202,52,2.9038,52,4248.0,2023-12-07
1703,203.0,,467,170,203,203,95,3.1895,95,11443.0,2020-05-23
1704,204.0,,1833,147,204,204,51,3.3725,51,3988.0,2024-01-30
1705,205.0,,1484,140,205,205,35,2.9714,35,5133.0,2024-01-27
1706,206.0,,397,118,206,206,24,2.7083,24,3701.0,2020-04-25
1707,207.0,,744,143,207,207,22,3.1364,22,3556.0,2021-03-17
1708,208.0,,1239,81,208,208,92,3.0435,92,12200.0,2023-07-29
1709,209.0,,505,64,209,209,81,3.0123,81,9528.0,2020-10-25
1710,210.0,,581,12,210,210,92,3.163,92,15297.0,2021-12-10
1711,211.0,,840,3,211,211,110,2.7364,110,13031.0,2021-12-03
1712,212.0,,518,59,212,212,30,2.5,30,2935.0,2020-07-05
1713,213.0,,826,157,213,213,78,2.6538,78,8830.0,2024-01-13
1714,214.0,,848,155,214,214,56,3.3393,56,8645.0,2021-05-19
1715,215.0,,1737,125,215,215,109,3.156,109,18532.0,2023-10-21
1716,216.0,,1022,165,216,216,22,3.2727,22,1367.0,2021-10-20
1717,217.0,,1039,140,217,217,70,3.2429,70,4541.0,2022-12-27
1718,218.0,,1304,84,218,218,34,3.1176,34,3252.0,2022-08-11
1719,219.0,,814,101,219,219,39,2.9744,39,6442.0,2021-04-17
1720,220.0,,436,184,220,220,37,3.5135,37,4335.0,2020-05-07
1721,221.0,,461,172,221,221,83,3.1566,83,14955.0,2024-05-13
1722,222.0,,1243,6,222,222,62,2.7903,62,6714.0,2022-12-15
1723,223.0,,1063,139,223,223,54,3.1481,54,5733.0,2022-09-04
1724,224.0,,723,119,224,224,67,2.9104,67,7579.0,2024-03-10
1725,225.0,,852,79,225,225,59,3.1525,59,8857.0,2022-03-23
1726,226.0,,1787,25,226,226,91,3.0879,91,12292.0,2023-12-07
1727,227.0,,383,126,227,227,90,2.9444,90,8053.0,2021-07-30
1728,228.0,,408,93,228,228,81,2.8395,81,12882.0,2020-10-28
1729,229.0,,1415,107,229,229,31,2.9032,31,2787.0,2024-06-17
1730,230.0,,1205,165,230,230,60,2.9167,60,4938.0,2022-12-31
1731,231.0,,574,61,231,231,111,3.0991,111,19515.0,2022-03-20
1732,232.0,,527,41,232,232,103,2.8447,103,8618.0,2023-01-28
1733,233.0,,1557,151,233,233,60,3.1833,60,8829.0,2023-05-13
1734,234.0,,1881,104,234,234,98,2.9388,98,14659.0,2024-02-25
1735,235.0,,1231,12,235,235,79,2.9114,79,8195.0,2022-10-16
1736,236.0,,751,93,236,236,82,2.9024,82,9253.0,2021-07-20
1737,237.0,,1823,135,237,237,101,2.802,101,14417.0,2024-05-03
1738,238.0,,960,43,238,238,100,3.04,100,16667.0,2021-09-14
1739,239.0,,1102,139,239,239,106,2.9528,106,15055.0,2022-09-29
1740,240.0,,510,99,240,240,32,3.5,32,5285.0,2020-09-20
1741,241.0,,436,68,241,241,91,3.1868,91,9983.0,2020-03-13
1742,242.0,,403,30,242,242,52,3.0385,52,7767.0,2020-02-24
1743,243.0,,1795,14,243,243,33,3.3636,33,4501.0,2023-12-22
1744,244.0,,1210,2,244,244,43,2.9767,43,6889.0,2023-04-25
1745,245.0,,1029,186,245,245,24,2.875,24,3593.0,2021-11-22
1746,246.0,,606,13,246,246,40,3.4,40,3649.0,2020-11-12
1747,247.0,,905,4,247,247,93,2.6667,93,9476.0,2022-04-20
1748,248.0,,366,38,248,248,67,2.6567,67,11928.0,2021-08-02
1749,249.0,,640,69,249,249,97,3.0206,97,6865.0,2021-08-17
1750,250.0,,1578,182,250,250,81,2.9136,81,14459.0,2023-06-13
1751,251.0,,1254,138,251,251,97,3.1959,97,12375.0,2024-01-31
1752,252.0,,1802,107,252,252,98,2.898,98,8668.0,2024-02-13
1753,253.0,,1781,81,253,253,78,3.1795,78,7088.0,2024-02-27
1754,254.0,,959,190,254,254,38,3.1579,38,5784.0,2022-09-10
1755,255.0,,605,62,255,255,98,3.3061,98,9603.0,2024-02-07
1756,256.0,,619,119,256,256,48,3.3333,48,6569.0,2020-09-12
1757,257.0,,1327,45,257,257,97,2.9381,97,11313.0,2022-08-28
1758,258.0,,1708,119,258,258,54,2.8148,54,8201.0,2024-01-27
1759,259.0,,885,16,259,259,96,2.875,96,14690.0,2021-07-22
1760,260.0,,945,119,260,260,68,3.1471,68,8293.0,2023-06-19
1761,261.0,,496,76,261,261,92,3.1196,92,7501.0,2024-01-31
1762,262.0,,1606,21,262,262,70,3.0857,70,12094.0,2023-08-09
1763,263.0,,1782,99,263,263,74,2.9459,74,5511.0,2023-12-09
1764,264.0,,1013,11,264,264,38,2.6053,38,3355.0,2024-02-18
1765,265.0,,1300,165,265,265,106,2.8962,106,7708.0,2022-07-31
1766,266.0,,973,138,266,266,95,2.9789,95,11223.0,2021-11-11
1767,267.0,,1386,109,267,267,32,2.875,32,5046.0,2024-03-09
1768,268.0,,1303,147,268,268,93,3.0538,93,12458.0,2022-09-24
1769,269.0,,1300,143,269,269,37,3.4054,37,6206.0,2022-08-07
1770,270.0,,537,98,270,270,42,3.0714,42,6706.0,2020-06-24
1771,271.0,,1354,106,271,271,37,3.0541,37,4174.0,2024-04-13
1772,272.0,,1876,83,272,272,70,3.0286,70,7579.0,2024-03-18
1773,273.0,,1588,122,273,273,44,2.8182,44,5154.0,2024-02-23
1774,274.0,,789,192,274,274,82,3.1707,82,9620.0,2022-04-20
1775,275.0,,1635,116,275,275,53,3.1509,53,4392.0,2024-02-21
1776,276.0,,1019,9,276,276,36,3.0,36,5196.0,2021-10-27
1777,277.0,,1486,70,277,277,41,2.7805,41,4437.0,2023-10-08
1778,278.0,,1703,187,278,278,73,2.7808,73,5181.0,2024-01-22
1779,279.0,,1570,160,279,279,26,2.8462,26,2998.0,2024-07-27
1780,280.0,,695,180,280,280,39,3.3077,39,5564.0,2023-11-25
1781,281.0,,809,155,281,281,41,3.0732,41,4218.0,2023-08-07
1782,282.0,,1075,86,282,282,111,3.1982,111,13212.0,2022-01-11
1783,283.0,,1356,13,283,283,83,3.0361,83,13005.0,2023-03-09
1784,284.0,,1850,10,284,284,19,3.1579,19,1480.0,2024-01-25
1785,285.0,,980,91,285,285,77,3.2597,77,12196.0,2024-01-26
1786,286.0,,618,51,286,286,31,3.6129,31,2541.0,2020-09-29
1787,287.0,,1303,93,287,287,51,2.902,51,4103.0,2024-02-15
1788,288.0,,1837,150,288,288,90,2.8778,90,14742.0,2024-01-14
1789,289.0,,1879,94,289,289,28,2.7143,28,2314.0,2024-03-07
1790,290.0,,522,162,290,290,91,3.1538,91,12724.0,2022-03-11
1791,291.0,,1697,45,291,291,109,2.9725,109,7031.0,2023-09-30
1792,292.0,,928,105,292,292,45,2.4889,45,3321.0,2021-07-23
1793,293.0,,1836,155,293,293,28,3.1786,28,4864.0,2024-02-08
1794,294.0,,1465,127,294,294,97,3.2165,97,14938.0,2023-04-09
1795,295.0,,1392,136,295,295,32,2.6563,32,4036.0,2024-03-11
1796,296.0,,1105,179,296,296,31,2.4194,31,4371.0,2022-01-21
1797,297.0,,1634,155,297,297,45,3.2667,45,5325.0,2023-08-12
1798,298.0,,1789,82,298,298,57,2.8421,57,9874.0,2024-01-16
1799,299.0,,1496,98,299,299,38,2.7895,38,5802.0,2023-02-23
1800,300.0,,765,146,300,300,63,3.0794,63,7368.0,2022-07-27
1801,301.0,,1834,140,301,301,20,3.15,20,3234.0,2024-01-10
1802,302.0,,1241,96,302,302,25,3.12,25,3749.0,2022-07-04
1803,303.0,,636,81,303,303,43,3.2326,43,6712.0,2020-09-30
1804,304.0,,976,27,304,304,65,3.1231,65,8876.0,2022-07-21
1805,305.0,,1221,60,305,305,93,2.9892,93,8499.0,2022-12-09
1806,306.0,,389,30,306,306,108,3.1389,108,9565.0,2020-08-16
1807,307.0,,1239,56,307,307,90,3.1444,90,5904.0,2023-02-08
1808,308.0,,412,110,308,308,60,2.7667,60,8015.0,2024-04-07
1809,309.0,,1585,13,309,309,97,2.9175,97,10640.0,2023-12-28
1810,310.0,,1709,23,310,310,72,3.0972,72,7107.0,2023-09-08
1811,311.0,,894,42,311,311,49,3.2449,49,3474.0,2021-06-29
1812,312.0,,858,15,312,312,85,3.0824,85,13366.0,2021-07-14
1813,313.0,,945,37,313,313,100,3.23,100,16313.0,2022-01-11
1814,314.0,,1359,45,314,314,99,2.9192,99,12211.0,2022-11-20
1815,315.0,,931,160,315,315,99,2.8586,99,10008.0,2021-08-22
1816,316.0,,1651,144,316,316,94,3.1064,94,11755.0,2023-07-22
1817,317.0,,597,73,317,317,24,3.1667,24,3387.0,2024-10-17
1818,318.0,,1872,163,318,318,66,2.8636,66,9342.0,2024-02-15
1819,319.0,,1663,37,319,319,31,3.1935,31,5196.0,2023-11-16
1820,320.0,,1300,84,320,320,55,3.1091,55,3466.0,2023-03-30
1821,321.0,,1330,42,321,321,117,3.1709,117,15276.0,2023-02-18
1822,322.0,,1393,179,322,322,48,2.7708,48,4831.0,2023-05-04
1823,323.0,,646,169,323,323,105,2.9905,105,15479.0,2022-04-17
1824,324.0,,1258,146,324,324,84,2.881,84,12378.0,2023-10-19
1825,325.0,,864,10,325,325,110,2.7727,110,18782.0,2022-04-30
1826,326.0,,487,141,326,326,112,2.8393,112,19352.0,2021-05-30
1827,327.0,,1803,19,327,327,32,3.2813,32,2373.0,2024-02-05
1828,328.0,,946,44,328,328,80,2.9625,80,10412.0,2021-11-10
1829,329.0,,1333,164,329,329,56,3.0179,56,5352.0,2022-12-24
1830,330.0,,1350,130,330,330,77,2.8442,77,6174.0,2024-04-25
1831,331.0,,1165,77,331,331,25,3.04,25,3425.0,2022-05-13
1832,332.0,,1765,30,332,332,95,3.0211,95,11495.0,2024-03-23
1833,333.0,,1266,34,333,333,46,2.9565,46,5030.0,2024-01-10
1834,334.0,,448,115,334,334,85,2.8588,85,5197.0,2022-04-19
1835,335.0,,1127,189,335,335,70,3.1429,70,9274.0,2023-07-25
1836,336.0,,1829,134,336,336,37,3.2703,37,3435.0,2024-01-16
1837,337.0,,1425,34,337,337,86,3.2093,86,15425.0,2023-06-15
1838,338.0,,936,36,338,338,63,2.7302,63,10543.0,2023-02-05
1839,339.0,,1612,173,339,339,75,2.8933,75,5844.0,2023-08-13
1840,340.0,,780,34,340,340,36,3.0556,36,6213.0,2021-03-15
1841,341.0,,1056,191,341,341,36,2.9167,36,4040.0,2024-05-27
1842,342.0,,1839,178,342,342,37,3.5405,37,5184.0,2024-01-29
1843,343.0,,547,19,343,343,79,3.2785,79,5530.0,2020-09-26
1844,344.0,,805,34,344,344,105,3.1429,105,12344.0,2021-10-10
1845,345.0,,773,52,345,345,84,2.881,84,8695.0,2021-03-10
1846,346.0,,1121,58,346,346,107,3.1682,107,11604.0,2024-01-07
1847,347.0,,565,154,347,347,97,3.1959,97,13296.0,2023-06-01
1848,348.0,,1567,22,348,348,42,3.0952,42,4581.0,2023-06-02
1849,349.0,,385,42,349,349,84,3.131,84,11001.0,2023-10-22
1850,350.0,,1855,167,350,350,32,2.5313,32,4458.0,2024-02-05
1851,351.0,,1010,184,351,351,82,3.2317,82,13946.0,2022-02-24
1852,352.0,,1062,188,352,352,83,2.8313,83,10581.0,2024-01-07
1853,353.0,,1327,32,353,353,114,3.2544,114,18424.0,2022-12-10
1854,354.0,,1579,4,354,354,64,2.9063,64,9264.0,2024-03-02
1855,355.0,,1572,140,355,355,82,2.622,82,14733.0,2023-10-25
1856,356.0,,1333,178,356,356,55,2.8909,55,7979.0,2022-10-23
1857,357.0,,1801,141,357,357,35,2.9429,35,3560.0,2024-02-26
1858,358.0,,1066,142,358,358,30,3.0667,30,2760.0,2023-07-26
1859,359.0,,1798,6,359,359,76,3.1842,76,7368.0,2024-03-17
1860,360.0,,1110,95,360,360,82,3.0488,82,7778.0,2022-08-06
1861,361.0,,1024,132,361,361,84,2.8929,84,13115.0,2022-08-04
1862,362.0,,1827,95,362,362,103,2.7767,103,11291.0,2024-01-04
1863,363.0,,561,142,363,363,23,2.6087,23,1504.0,2020-09-29
1864,364.0,,594,71,364,364,50,3.18,50,4247.0,2021-03-04
1865,365.0,,1131,25,365,365,49,3.0612,49,6431.0,2023-05-19
1866,366.0,,953,12,366,366,96,3.1354,96,6985.0,2021-08-30
1867,367.0,,1358,156,367,367,98,3.2551,98,9039.0,2022-10-17
1868,368.0,,384,26,368,368,40,3.125,40,6287.0,2020-01-26
1869,369.0,,407,58,369,369,95,3.2,95,10493.0,2022-08-25
1870,370.0,,409,66,370,370,55,2.6364,55,8989.0,2020-03-26
1871,371.0,,1442,117,371,371,80,2.8375,80,13768.0,2023-02-15
1872,372.0,,1094,115,372,372,50,3.18,50,6581.0,2022-03-18
1873,373.0,,1682,160,373,373,32,2.9063,32,5898.0,2024-01-13
1874,374.0,,523,58,374,374,83,3.0723,83,6484.0,2024-04-15
1875,375.0,,1661,68,375,375,53,2.9623,53,5265.0,2023-10-04
1876,376.0,,1342,70,376,376,89,3.0562,89,15296.0,2023-07-13
1877,377.0,,1691,17,377,377,80,2.8875,80,7488.0,2023-09-05
1878,378.0,,1878,135,378,378,46,2.8913,46,6894.0,2024-03-12
1879,379.0,,519,105,379,379,63,3.2222,63,7946.0,2020-06-06
1880,380.0,,1544,67,380,380,117,3.0171,117,12295.0,2024-01-08
1881,381.0,,728,30,381,381,53,2.7358,53,3631.0,2024-01-12
1882,382.0,,1680,149,382,382,109,2.8532,109,17616.0,2024-01-25
1883,383.0,,578,62,383,383,62,3.0323,62,7998.0,2020-08-04
1884,384.0,,1080,122,384,384,82,3.0244,82,10561.0,2022-11-10
1885,385.0,,745,156,385,385,65,3.1077,65,7988.0,2021-08-21
1886,386.0,,1667,18,386,386,60,3.2,60,4819.0,2024-03-14
1887,387.0,,856,29,387,387,107,2.9907,107,10567.0,2021-11-04
1888,388.0,,1026,101,388,388,97,2.8557,97,7561.0,2022-09-23
1889,389.0,,1200,161,389,389,30,3.3333,30,5267.0,2023-08-07
1890,390.0,,487,133,390,390,102,3.0686,102,6701.0,2024-03-11
1891,391.0,,1560,83,391,391,102,2.7941,102,9207.0,2023-09-10
1892,392.0,,502,158,392,392,87,3.092,87,6542.0,2020-09-11
1893,393.0,,1800,15,393,393,49,2.7959,49,5349.0,2023-12-11
1894,394.0,,1768,179,394,394,52,2.8654,52,7286.0,2024-01-22
1895,395.0,,969,25,395,395,42,3.119,42,7178.0,2021-10-02
1896,396.0,,891,59,396,396,78,2.7051,78,11797.0,2023-04-27
1897,397.0,,1538,125,397,397,60,3.05,60,6195.0,2023-06-05
1898,398.0,,1833,95,398,398,106,2.9434,106,10461.0,2024-01-15
1899,399.0,,1875,166,399,399,26,3.3077,26,4603.0,2024-12-28
1900,400.0,,1487,143,400,400,62,3.2581,62,11378.0,2023-09-09
1901,401.0,,1745,28,401,401,29,2.931,29,3180.0,2024-09-13
1902,402.0,,806,128,402,402,36,2.6944,36,6475.0,2021-06-01
1903,403.0,,843,2,403,403,116,3.25,116,7980.0,2022-01-27
1904,404.0,,1067,182,404,404,54,2.8519,54,7729.0,2022-01-20
1905,405.0,,1533,33,405,405,79,3.2785,79,11959.0,2023-05-14
1906,406.0,,716,11,406,406,87,2.954,87,8645.0,2023-02-24
1907,407.0,,1141,124,407,407,26,2.8077,26,1639.0,2022-05-21
1908,408.0,,1526,36,408,408,32,2.875,32,2636.0,2024-04-23
1909,409.0,,393,164,409,409,84,3.1429,84,8454.0,2023-03-11
1910,410.0,,1114,65,410,410,96,3.1146,96,13595.0,2022-03-30
1911,411.0,,1836,90,411,411,86,3.1163,86,6244.0,2024-01-20
1912,412.0,,1168,146,412,412,52,3.3077,52,8006.0,2024-01-08
1913,413.0,,480,10,413,413,18,3.1111,18,2176.0,2020-10-24
1914,414.0,,1375,122,414,414,82,3.0976,82,11811.0,2023-06-12
1915,415.0,,1732,45,415,415,18,3.1667,18,2860.0,2023-11-11
1916,416.0,,946,13,416,416,65,3.1077,65,4639.0,2021-09-04
1917,417.0,,687,34,417,417,49,2.9388,49,6471.0,2024-07-23
1918,418.0,,880,143,418,418,87,2.931,87,8471.0,2023-03-18
1919,419.0,,1575,92,419,419,110,3.1,110,15217.0,2023-05-31
1920,420.0,,647,33,420,420,73,2.9589,73,7296.0,2021-05-04
1921,421.0,,1616,164,421,421,60,3.2,60,4205.0,2024-03-20
1922,422.0,,835,192,422,422,112,3.0982,112,9457.0,2021-04-19
1923,423.0,,520,129,423,423,52,2.8654,52,6822.0,2020-07-08
1924,424.0,,581,188,424,424,20,2.5,20,1659.0,2021-03-18
1925,425.0,,414,23,425,425,77,3.1039,77,9851.0,2024-01-04
1926,426.0,,1747,61,426,426,114,2.9474,114,19559.0,2024-01-08
1927,427.0,,1833,16,427,427,23,3.3478,23,3489.0,2024-04-25
1928,428.0,,1414,35,428,428,35,3.0857,35,5122.0,2022-11-18
1929,429.0,,418,33,429,429,52,3.0385,52,3826.0,2020-04-18
1930,430.0,,1438,64,430,430,105,2.6667,105,8371.0,2023-01-22
1931,431.0,,1677,32,431,431,34,2.8529,34,2717.0,2023-11-04
1932,432.0,,1153,129,432,432,47,2.7872,47,3417.0,2023-02-14
1933,433.0,,547,189,433,433,54,3.0741,54,7041.0,2020-06-30
1934,434.0,,1166,19,434,434,84,2.881,84,12830.0,2022-03-11
1935,435.0,,1017,25,435,435,105,3.0286,105,13594.0,2022-08-19
1936,436.0,,1412,61,436,436,108,3.213,108,17274.0,2023-02-07
1937,437.0,,1513,147,437,437,88,2.7955,88,5024.0,2023-06-04
1938,438.0,,774,99,438,438,52,3.4423,52,7421.0,2021-02-19
1939,439.0,,719,37,439,439,72,3.0556,72,11794.0,2022-01-03
1940,440.0,,1002,81,440,440,107,2.8692,107,15651.0,2021-10-31
1941,441.0,,1649,139,441,441,92,2.8043,92,14063.0,2023-08-10
1942,442.0,,1217,138,442,442,101,2.703,101,6215.0,2023-01-17
1943,443.0,,444,110,443,443,88,3.0455,88,11848.0,2020-11-13
1944,444.0,,814,187,444,444,55,2.8545,55,5388.0,2022-06-03
1945,445.0,,424,133,445,445,110,3.2545,110,12405.0,2024-01-04
1946,446.0,,898,28,446,446,92,3.0,92,7781.0,2021-09-26
1947,447.0,,842,74,447,447,64,2.9375,64,4654.0,2023-07-14
1948,448.0,,1808,12,448,448,94,3.0851,94,10425.0,2024-01-09
1949,449.0,,1522,105,449,449,106,3.1132,106,10463.0,2023-05-23
1950,450.0,,1237,16,450,450,78,3.1667,78,4754.0,2023-04-22
1951,451.0,,1846,84,451,451,84,2.9881,84,6553.0,2024-02-13
1952,452.0,,1788,164,452,452,95,3.2421,95,8135.0,2024-01-26
1953,453.0,,429,57,453,453,93,3.086,93,14836.0,2020-09-08
1954,454.0,,1321,53,454,454,90,2.9,90,10439.0,2022-11-24
1955,455.0,,1113,23,455,455,22,3.0455,22,2379.0,2022-03-23
1956,456.0,,514,146,456,456,101,3.0495,101,12113.0,2020-07-02
1957,457.0,,1362,24,457,457,67,3.0149,67,7931.0,2023-06-20
1958,458.0,,1366,60,458,458,99,3.0,99,9533.0,2022-11-16
1959,459.0,,625,40,459,459,60,3.0833,60,7756.0,2020-12-08
1960,460.0,,991,114,460,460,113,3.0088,113,19760.0,2021-12-16
1961,461.0,,1377,102,461,461,62,3.129,62,8876.0,2023-07-23
1962,462.0,,1355,163,462,462,46,2.9565,46,5366.0,2024-03-02
1963,463.0,,877,116,463,463,90,2.9667,90,9857.0,2021-10-05
1964,464.0,,1042,114,464,464,48,2.8542,48,5062.0,2024-02-24
1965,465.0,,810,10,465,465,101,2.9505,101,11304.0,2022-10-01
1966,466.0,,1198,67,466,466,51,2.902,51,8696.0,2022-06-08
1967,467.0,,918,164,467,467,88,3.0341,88,5238.0,2021-08-20
1968,468.0,,1802,25,468,468,65,3.1077,65,5516.0,2024-03-06
1969,469.0,,1631,173,469,469,57,3.3333,57,7081.0,2023-07-07
1970,470.0,,804,137,470,470,35,2.8571,35,5591.0,2024-02-22
1971,471.0,,1655,96,471,471,46,3.2391,46,5209.0,2023-12-22
1972,472.0,,1112,139,472,472,105,2.8667,105,16391.0,2022-12-29
1973,473.0,,1021,10,473,473,104,2.875,104,7861.0,2023-02-12
1974,474.0,,1877,146,474,474,68,2.9853,68,9792.0,2024-04-11
1975,475.0,,582,96,475,475,37,3.1622,37,5427.0,2020-09-15
1976,476.0,,1710,137,476,476,35,2.8286,35,4099.0,2023-09-10
1977,477.0,,820,54,477,477,68,3.0,68,9203.0,2022-12-23
1978,478.0,,1529,43,478,478,68,2.9559,68,5899.0,2023-04-08
1979,479.0,,1679,91,479,479,71,2.8873,71,4904.0,2023-08-08
1980,480.0,,1089,1,480,480,32,3.2188,32,2488.0,2022-01-04
1981,481.0,,1426,10,481,481,58,3.0517,58,7862.0,2023-11-06
1982,482.0,,1169,75,482,482,47,3.5532,47,3448.0,2023-05-21
1983,483.0,,686,60,483,483,34,3.1765,34,3651.0,2020-11-16
1984,484.0,,1141,7,484,484,62,3.0968,62,10514.0,2023-04-09
1985,485.0,,913,82,485,485,55,2.8727,55,7493.0,2021-09-03
1986,486.0,,466,112,486,486,88,3.0682,88,15077.0,2020-08-30
1987,487.0,,668,33,487,487,79,3.1772,79,9416.0,2022-04-26
1988,488.0,,567,131,488,488,32,2.9063,32,3400.0,2024-08-31
1989,489.0,,935,160,489,489,62,2.9677,62,10576.0,2021-08-18
1990,490.0,,1740,72,490,490,59,2.9322,59,6916.0,2023-11-16
1991,491.0,,709,48,491,491,64,3.0469,64,11297.0,2021-01-02
1992,492.0,,715,74,492,492,56,2.9821,56,9299.0,2021-01-23
1993,493.0,,1664,148,493,493,71,2.9437,71,12949.0,2023-08-25
1994,494.0,,486,98,494,494,63,3.0,63,10329.0,2020-06-15
1995,495.0,,1080,48,495,495,67,3.1493,67,11174.0,2022-01-17
1996,496.0,,1277,45,496,496,101,3.0396,101,17314.0,2022-12-30
1997,497.0,,751,100,497,497,34,3.2059,34,3962.0,2021-02-05
1998,498.0,,1491,71,498,498,84,2.9167,84,14325.0,2023-04-22
1999,499.0,,1158,125,499,499,110,3.0909,110,10713.0,2022-05-25
2000,500.0,,1831,18,500,500,52,2.75,52,9262.0,2024-02-05
2001,501.0,,484,110,501,501,28,2.9286,28,2706.0,2020-08-10
2002,502.0,,633,60,502,502,35,3.3429,35,3987.0,2021-01-13
2003,503.0,,1795,78,503,503,48,2.9583,48,6836.0,2023-12-29
2004,504.0,,1403,71,504,504,92,2.9457,92,7574.0,2023-04-07
2005,505.0,,1471,66,505,505,45,3.0444,45,6337.0,2023-03-31
2006,506.0,,615,139,506,506,48,3.0625,48,5907.0,2024-05-02
2007,507.0,,1030,135,507,507,97,2.9072,97,13011.0,2021-12-31
2008,508.0,,1204,8,508,508,107,3.1402,107,19181.0,2022-05-21
2009,509.0,,820,114,509,509,89,2.8989,89,13703.0,2022-11-11
2010,510.0,,1634,64,510,510,77,2.8571,77,7052.0,2023-11-01
2011,511.0,,1161,56,511,511,26,2.9231,26,3544.0,2024-02-12
2012,512.0,,505,84,512,512,84,3.0952,84,13424.0,2021-10-10
2013,513.0,,584,188,513,513,94,3.0426,94,6955.0,2021-07-03
2014,514.0,,1245,159,514,514,59,3.2373,59,9006.0,2024-04-14
2015,515.0,,1235,110,515,515,36,3.2778,36,4997.0,2024-08-09
2016,516.0,,709,132,516,516,112,2.8839,112,11886.0,2022-01-26
2017,517.0,,776,61,517,517,53,2.566,53,6139.0,2021-03-07
2018,518.0,,783,108,518,518,97,3.0412,97,10794.0,2021-04-26
2019,519.0,,875,70,519,519,102,3.0588,102,13403.0,2021-09-11
2020,520.0,,790,93,520,520,62,2.8548,62,4368.0,2023-02-17
2021,521.0,,1797,75,521,521,99,2.8586,99,10129.0,2024-01-10
2022,522.0,,860,90,522,522,104,2.9904,104,11587.0,2022-01-03
2023,523.0,,424,184,523,523,44,2.8409,44,6201.0,2020-03-06
2024,524.0,,1179,136,524,524,24,3.2083,24,3098.0,2024-02-28
2025,525.0,,1460,184,525,525,87,2.9425,87,5411.0,2023-05-16
2026,526.0,,1811,163,526,526,109,2.8349,109,17163.0,2024-04-25
2027,527.0,,1346,115,527,527,56,3.25,56,4761.0,2023-04-20
2028,528.0,,1850,145,528,528,66,2.697,66,7134.0,2024-02-23
2029,529.0,,1394,94,529,529,53,3.2075,53,8985.0,2023-05-02
2030,530.0,,394,9,530,530,87,3.1034,87,12714.0,2021-07-31
2031,531.0,,443,177,531,531,49,3.3265,49,5862.0,2020-11-09
2032,532.0,,1400,185,532,532,112,3.0536,112,19707.0,2022-12-03
2033,533.0,,1091,187,533,533,50,2.88,50,3143.0,2023-08-26
2034,534.0,,548,165,534,534,96,2.9063,96,9889.0,2021-03-25
2035,535.0,,1276,182,535,535,55,3.0,55,7227.0,2023-09-23
2036,536.0,,1716,140,536,536,30,3.0,30,2167.0,2023-09-24
2037,537.0,,1285,195,537,537,95,3.1895,95,11228.0,2024-03-22
2038,538.0,,1040,114,538,538,29,3.2069,29,2050.0,2022-02-11
2039,539.0,,844,77,539,539,61,2.623,61,5796.0,2022-06-25
2040,540.0,,823,93,540,540,39,3.0769,39,6578.0,2021-04-02
2041,541.0,,1584,63,541,541,81,2.8025,81,5392.0,2023-10-15
2042,542.0,,442,152,542,542,99,2.9495,99,10636.0,2020-05-27
2043,543.0,,1504,57,543,543,29,2.8966,29,4129.0,2024-06-12
2044,544.0,,1518,83,544,544,105,3.219,105,14871.0,2024-01-30
2045,545.0,,1180,1,545,545,35,2.7429,35,2890.0,2022-05-12
2046,546.0,,1201,104,546,546,37,3.3243,37,2589.0,2022-05-01
2047,547.0,,1307,83,547,547,54,2.6481,54,7728.0,2022-08-26
2048,548.0,,1850,115,548,548,70,3.0,70,6503.0,2024-03-29
2049,549.0,,1374,21,549,549,79,2.6709,79,8928.0,2022-10-27
2050,550.0,,1447,75,550,550,53,3.0189,53,7128.0,2023-07-07
2051,551.0,,1130,7,551,551,88,3.2614,88,6447.0,2023-02-12
2052,552.0,,1422,151,552,552,99,2.9293,99,7111.0,2023-01-31
2053,553.0,,1347,160,553,553,102,3.1078,102,8971.0,2022-09-11
2054,554.0,,1422,158,554,554,42,2.5238,42,5004.0,2024-01-09
2055,555.0,,609,162,555,555,54,2.9815,54,5382.0,2023-08-26
2056,556.0,,1606,17,556,556,110,2.7727,110,8655.0,2023-06-04
2057,557.0,,485,96,557,557,106,3.2736,106,9013.0,2021-05-30
2058,558.0,,1745,59,558,558,103,3.0874,103,8255.0,2024-01-17
2059,559.0,,535,40,559,559,99,3.0202,99,14486.0,2021-06-04
2060,560.0,,1558,92,560,560,107,3.1121,107,6497.0,2024-02-16
2061,561.0,,976,16,561,561,59,2.8475,59,4005.0,2021-09-09
2062,562.0,,549,73,562,562,100,2.99,100,7913.0,2023-12-24
2063,563.0,,726,186,563,563,68,3.0882,68,5872.0,2021-08-01
2064,564.0,,1358,107,564,564,64,3.1719,64,9613.0,2023-06-19
2065,565.0,,1390,114,565,565,41,2.9756,41,5048.0,2023-01-18
2066,566.0,,1432,6,566,566,39,2.6667,39,5722.0,2022-12-04
2067,567.0,,1714,191,567,567,100,3.16,100,13529.0,2023-12-22
2068,568.0,,553,119,568,568,29,3.069,29,5006.0,2020-11-18
2069,569.0,,468,99,569,569,63,2.7143,63,6897.0,2024-03-05
2070,570.0,,720,81,570,570,31,3.1613,31,4458.0,2021-01-14
2071,571.0,,1833,99,571,571,78,2.8974,78,8449.0,2024-04-04
2072,572.0,,572,120,572,572,51,3.1765,51,8560.0,2020-08-09
2073,573.0,,1253,143,573,573,95,2.8,95,14068.0,2022-08-14
2074,574.0,,1049,186,574,574,81,2.8765,81,10313.0,2022-03-26
2075,575.0,,1842,24,575,575,54,3.2037,54,5913.0,2024-02-17
2076,576.0,,1865,119,576,576,102,2.7647,102,14728.0,2024-04-12
2077,577.0,,1018,152,577,577,110,3.1909,110,7404.0,2023-11-23
2078,578.0,,616,149,578,578,44,3.3182,44,3863.0,2024-01-28
2079,579.0,,779,129,579,579,63,2.9524,63,4020.0,2024-01-25
2080,580.0,,928,15,580,580,86,2.9884,86,13033.0,2021-11-08
2081,581.0,,1439,159,581,581,44,2.75,44,6255.0,2023-10-23
2082,582.0,,1621,58,582,582,102,2.902,102,16279.0,2023-07-10
2083,583.0,,537,175,583,583,92,2.913,92,10431.0,2023-11-30
2084,584.0,,632,176,584,584,62,2.9839,62,7062.0,2022-12-06
2085,585.0,,622,50,585,585,109,2.8991,109,11477.0,2020-11-21
2086,586.0,,657,157,586,586,111,3.036,111,19702.0,2020-11-02
2087,587.0,,1698,144,587,587,101,3.0792,101,12026.0,2023-10-31
2088,588.0,,474,166,588,588,104,2.8462,104,7347.0,2022-04-13
2089,589.0,,671,128,589,589,82,3.061,82,11026.0,2022-09-16
2090,590.0,,898,86,590,590,90,2.6889,90,15910.0,2021-09-27
2091,591.0,,1833,24,591,591,56,3.125,56,7825.0,2024-01-24
2092,592.0,,1684,166,592,592,31,3.5806,31,2968.0,2023-10-03
2093,593.0,,913,177,593,593,112,3.0625,112,8504.0,2022-03-21
2094,594.0,,1279,158,594,594,90,2.9556,90,13683.0,2022-07-14
2095,595.0,,1550,96,595,595,84,2.7024,84,8150.0,2023-04-12
2096,596.0,,754,136,596,596,83,2.988,83,10251.0,2021-07-17
2097,597.0,,401,34,597,597,42,2.7381,42,7480.0,2022-11-01
2098,598.0,,966,176,598,598,97,2.9897,97,15465.0,2022-04-06
2099,599.0,,1411,96,599,599,78,2.9744,78,7564.0,2024-02-22
2100,600.0,,570,8,600,600,65,2.9077,65,9101.0,2021-06-22
2101,601.0,,517,172,601,601,59,3.2034,59,9740.0,2020-11-30
2102,602.0,,533,1,602,602,27,3.0,27,3284.0,2020-10-14
2103,603.0,,1772,122,603,603,43,3.0233,43,3437.0,2024-01-09
2104,604.0,,1480,92,604,604,71,2.9437,71,6660.0,2023-02-11
2105,605.0,,893,178,605,605,95,3.0842,95,11137.0,2022-03-09
2106,606.0,,1107,66,606,606,39,2.8462,39,3772.0,2024-04-30
2107,607.0,,1699,67,607,607,108,3.1204,108,14463.0,2023-10-04
2108,608.0,,1505,179,608,608,80,3.05,80,9871.0,2023-06-03
2109,609.0,,1058,153,609,609,102,2.7941,102,10695.0,2021-12-15
2110,610.0,,775,44,610,610,110,3.1545,110,17596.0,2023-10-14
2111,611.0,,486,73,611,611,112,3.0446,112,16417.0,2021-12-25
2112,612.0,,1843,22,612,612,99,2.9293,99,9425.0,2024-02-25
2113,613.0,,1532,180,613,613,88,3.1705,88,14569.0,2023-07-13
2114,614.0,,1367,69,614,614,53,3.0,53,3537.0,2023-07-25
2115,615.0,,1093,52,615,615,17,2.8824,17,1414.0,2022-02-24
2116,616.0,,722,2,616,616,25,2.76,25,3963.0,2021-01-19
2117,617.0,,1532,158,617,617,49,2.9796,49,6565.0,2024-03-25
2118,618.0,,1578,136,618,618,103,3.0777,103,13787.0,2023-05-02
2119,619.0,,1685,172,619,619,77,2.8961,77,10406.0,2023-08-31
2120,620.0,,1407,3,620,620,85,3.0235,85,11068.0,2022-11-13
2121,621.0,,1078,163,621,621,114,3.0088,114,9659.0,2022-07-18
2122,622.0,,716,67,622,622,58,3.0,58,10321.0,2021-08-19
2123,623.0,,369,107,623,623,79,2.9747,79,9458.0,2021-12-12
2124,624.0,,781,193,624,624,44,3.2045,44,3251.0,2021-03-12
2125,625.0,,1190,28,625,625,91,3.022,91,12252.0,2022-05-10
2126,626.0,,1320,98,626,626,46,3.1087,46,6470.0,2023-03-04
2127,627.0,,875,179,627,627,58,2.8621,58,9495.0,2024-02-24
2128,628.0,,1861,57,628,628,27,2.8148,27,4600.0,2024-02-10
2129,629.0,,848,180,629,629,99,2.9293,99,7822.0,2023-01-12
2130,630.0,,555,11,630,630,87,3.1724,87,15068.0,2020-10-28
2131,631.0,,589,130,631,631,61,3.1803,61,9380.0,2023-12-26
2132,632.0,,1757,24,632,632,25,3.24,25,1837.0,2023-10-25
2133,633.0,,369,170,633,633,106,3.1698,106,18095.0,2022-01-06
2134,634.0,,1846,81,634,634,65,2.8462,65,4802.0,2024-01-23
2135,635.0,,903,83,635,635,107,2.6822,107,19477.0,2021-07-12
2136,636.0,,867,4,636,636,113,2.9823,113,7115.0,2021-06-28
2137,637.0,,1446,89,637,637,75,2.9067,75,10087.0,2023-03-25
2138,638.0,,1156,132,638,638,70,3.1857,70,9176.0,2022-03-12
2139,639.0,,1295,125,639,639,60,2.9333,60,5655.0,2022-08-10
2140,640.0,,666,31,640,640,108,3.1019,108,12839.0,2022-01-11
2141,641.0,,1071,1,641,641,83,2.8675,83,13251.0,2024-02-04
2142,642.0,,924,142,642,642,90,2.9556,90,5935.0,2024-04-29
2143,643.0,,1574,27,643,643,79,2.9241,79,11722.0,2024-03-26
2144,644.0,,719,31,644,644,78,3.1026,78,10318.0,2020-12-27
2145,645.0,,1173,85,645,645,103,3.2427,103,10495.0,2024-02-21
2146,646.0,,1814,175,646,646,111,2.964,111,7474.0,2023-12-20
2147,647.0,,560,22,647,647,79,3.1013,79,12137.0,2021-09-22
2148,648.0,,1813,82,648,648,56,3.1786,56,5734.0,2024-02-26
2149,649.0,,1862,179,649,649,109,2.9083,109,17249.0,2024-04-11
2150,650.0,,1811,119,650,650,78,3.0385,78,13160.0,2024-02-26
2151,651.0,,428,154,651,651,44,2.8636,44,7796.0,2024-01-23
2152,652.0,,1682,107,652,652,34,3.4706,34,4497.0,2024-05-05
2153,653.0,,1819,174,653,653,100,3.16,100,10096.0,2024-02-07
2154,654.0,,679,148,654,654,43,3.1395,43,6577.0,2021-01-31
2155,655.0,,483,90,655,655,83,3.0241,83,10979.0,2020-04-29
2156,656.0,,1284,159,656,656,24,2.6667,24,3874.0,2022-08-19
2157,657.0,,669,138,657,657,86,3.0233,86,5944.0,2021-08-15
2158,658.0,,1268,85,658,658,40,2.8,40,3758.0,2024-04-21
2159,659.0,,1310,50,659,659,89,2.8315,89,13918.0,2022-12-14
2160,660.0,,1099,63,660,660,77,2.8701,77,9358.0,2022-12-17
2161,661.0,,1860,3,661,661,42,3.2143,42,3909.0,2024-05-03
2162,662.0,,1437,71,662,662,74,2.973,74,9403.0,2023-02-19
2163,663.0,,1832,16,663,663,87,2.908,87,6177.0,2024-01-09
2164,664.0,,1028,130,664,664,42,3.0238,42,3398.0,2024-07-26
2165,665.0,,1831,43,665,665,31,2.871,31,2874.0,2024-01-26
2166,666.0,,1190,75,666,666,31,3.2581,31,2211.0,2024-01-20
2167,667.0,,678,171,667,667,71,2.7324,71,6510.0,2021-02-13
2168,668.0,,734,184,668,668,78,3.1538,78,14200.0,2021-01-26
2169,669.0,,1409,157,669,669,102,3.1275,102,14419.0,2023-07-04
2170,670.0,,1537,32,670,670,43,3.0,43,4283.0,2023-11-05
2171,671.0,,1724,122,671,671,48,2.9167,48,7621.0,2024-01-01
2172,672.0,,503,121,672,672,84,3.0952,84,11361.0,2024-01-08
2173,673.0,,615,157,673,673,71,2.9296,71,7378.0,2023-04-03
2174,674.0,,1635,129,674,674,66,2.7424,66,4632.0,2024-03-21
2175,675.0,,1869,36,675,675,115,3.0261,115,7468.0,2024-03-13
2176,676.0,,1081,139,676,676,69,2.7826,69,5456.0,2023-01-31
2177,677.0,,1125,134,677,677,102,3.1373,102,16650.0,2024-04-24
2178,678.0,,1057,52,678,678,51,3.098,51,6071.0,2022-07-21
2179,679.0,,1485,93,679,679,35,2.8857,35,3871.0,2023-07-22
2180,680.0,,1283,82,680,680,91,2.8352,91,8079.0,2022-12-13
2181,681.0,,963,112,681,681,81,2.8395,81,6972.0,2021-11-05
2182,682.0,,1480,126,682,682,110,3.1182,110,7323.0,2023-04-18
2183,683.0,,1659,97,683,683,101,3.1485,101,12358.0,2023-08-03
2184,684.0,,1888,143,684,684,72,2.875,72,11840.0,2024-03-10
2185,685.0,,660,160,685,685,68,2.9412,68,10757.0,2022-11-19
2186,686.0,,633,24,686,686,59,2.8475,59,10516.0,2022-03-01
2187,687.0,,619,90,687,687,37,3.4595,37,2744.0,2020-10-28
2188,688.0,,1562,100,688,688,86,3.0,86,13899.0,2023-07-24
2189,689.0,,454,39,689,689,82,3.1585,82,10687.0,2021-07-17
2190,690.0,,1353,11,690,690,50,3.26,50,8068.0,2024-07-02
2191,691.0,,1066,177,691,691,32,3.2188,32,4535.0,2022-07-10
2192,692.0,,1858,158,692,692,63,3.254,63,7480.0,2024-02-16
2193,693.0,,1553,131,693,693,35,2.5714,35,2248.0,2023-11-06
2194,694.0,,1153,121,694,694,97,3.1856,97,11534.0,2024-04-17
2195,695.0,,1673,126,695,695,70,3.0143,70,12435.0,2024-04-17
2196,696.0,,1586,128,696,696,88,2.7727,88,10164.0,2023-11-02
2197,697.0,,445,156,697,697,56,2.8929,56,9953.0,2020-06-11
2198,698.0,,992,73,698,698,48,3.0,48,4241.0,2023-06-01
2199,699.0,,716,69,699,699,86,3.1977,86,7746.0,2021-09-28
2200,700.0,,1774,63,700,700,102,2.8725,102,14527.0,2023-11-29
2201,701.0,,414,162,701,701,85,3.1294,85,9059.0,2023-08-30
2202,702.0,,1597,193,702,702,49,3.1837,49,3309.0,2023-06-05
2203,703.0,,1334,41,703,703,51,3.0196,51,8614.0,2023-01-12
2204,704.0,,1415,4,704,704,55,3.0545,55,9107.0,2023-03-09
2205,705.0,,1612,62,705,705,35,2.5714,35,3832.0,2023-06-02
2206,706.0,,701,114,706,706,42,2.8571,42,6195.0,2021-06-11
2207,707.0,,682,28,707,707,69,2.8551,69,6469.0,2022-04-02
2208,708.0,,404,34,708,708,112,3.0179,112,14929.0,2021-11-26
2209,709.0,,731,61,709,709,32,2.9688,32,2011.0,2021-01-17
2210,710.0,,1445,151,710,710,93,3.0968,93,13400.0,2022-12-21
2211,711.0,,1063,11,711,711,30,3.2667,30,4859.0,2024-07-13
2212,712.0,,1207,148,712,712,116,3.3534,116,12285.0,2024-02-05
2213,713.0,,1165,194,713,713,36,2.9444,36,4057.0,2022-07-26
2214,714.0,,1851,109,714,714,100,3.02,100,11287.0,2024-01-28
2215,715.0,,967,188,715,715,45,2.9111,45,7449.0,2024-02-02
2216,716.0,,540,103,716,716,38,2.9474,38,5675.0,2020-07-16
2217,717.0,,1477,78,717,717,50,2.7,50,4491.0,2023-08-04
2218,718.0,,1634,115,718,718,55,2.8364,55,6757.0,2023-06-27
2219,719.0,,1512,149,719,719,101,3.0198,101,12705.0,2023-03-25
2220,720.0,,1805,83,720,720,70,3.0571,70,6310.0,2024-02-05
2221,721.0,,1351,13,721,721,75,3.2267,75,8745.0,2024-03-04
2222,722.0,,1529,27,722,722,97,3.0722,97,7028.0,2023-06-05
2223,723.0,,1351,76,723,723,101,2.802,101,8546.0,2022-09-14
2224,724.0,,1048,192,724,724,47,3.0638,47,6153.0,2021-12-02
2225,725.0,,1856,39,725,725,40,3.125,40,6829.0,2024-02-27
2226,726.0,,545,109,726,726,102,2.8725,102,11382.0,2023-09-21
2227,727.0,,961,87,727,727,47,3.4255,47,6022.0,2023-10-16
2228,728.0,,603,130,728,728,22,3.6818,22,2258.0,2020-10-03
2229,729.0,,457,191,729,729,69,2.7536,69,10904.0,2022-11-18
2230,730.0,,1657,171,730,730,110,3.0182,110,14209.0,2024-01-29
2231,731.0,,738,146,731,731,29,3.3103,29,4093.0,2021-05-05
2232,732.0,,985,114,732,732,88,2.9205,88,10028.0,2022-02-13
2233,733.0,,455,70,733,733,76,3.1842,76,13403.0,2022-06-16
2234,734.0,,1334,148,734,734,34,3.2647,34,2593.0,2024-05-15
2235,735.0,,1369,144,735,735,85,2.9176,85,5689.0,2023-07-15
2236,736.0,,735,140,736,736,83,3.2048,83,7678.0,2021-01-09
2237,737.0,,674,129,737,737,60,3.1,60,9068.0,2020-11-29
2238,738.0,,945,176,738,738,41,3.3415,41,2622.0,2024-02-20
2239,739.0,,1246,13,739,739,42,3.2857,42,2813.0,2023-08-02
2240,740.0,,1643,71,740,740,72,2.9306,72,8859.0,2024-03-02
2241,741.0,,1877,194,741,741,77,3.1558,77,7274.0,2024-04-28
2242,742.0,,425,106,742,742,96,3.0521,96,13412.0,2021-04-09
2243,743.0,,486,177,743,743,63,3.0476,63,8978.0,2024-01-09
2244,744.0,,1861,138,744,744,65,3.2462,65,6864.0,2024-02-14
2245,745.0,,951,162,745,745,54,2.9074,54,7741.0,2021-08-13
2246,746.0,,1734,101,746,746,110,3.1091,110,10201.0,2023-11-18
2247,747.0,,1450,183,747,747,54,3.1296,54,4129.0,2022-12-23
2248,748.0,,1738,82,748,748,33,2.8788,33,3679.0,2023-10-11
2249,749.0,,1876,60,749,749,54,3.0,54,5580.0,2024-04-28
2250,750.0,,1743,147,750,750,64,3.0938,64,3817.0,2024-05-05
2251,751.0,,1250,152,751,751,104,3.0192,104,6831.0,2023-06-10
2252,752.0,,744,41,752,752,34,3.4412,34,5063.0,2024-11-03
2253,753.0,,581,47,753,753,58,3.0172,58,9574.0,2020-08-19
2254,754.0,,829,159,754,754,114,3.2193,114,8345.0,2022-07-22
2255,755.0,,1871,3,755,755,64,3.1406,64,7415.0,2024-03-08
2256,756.0,,992,22,756,756,94,3.0851,94,15325.0,2022-08-26
2257,757.0,,1099,22,757,757,56,3.2143,56,8228.0,2022-04-03
2258,758.0,,1651,19,758,758,97,3.1443,97,8872.0,2023-08-17
2259,759.0,,981,6,759,759,59,3.0169,59,7539.0,2022-01-10
2260,760.0,,1179,172,760,760,25,2.8,25,2012.0,2022-04-13
2261,761.0,,1253,191,761,761,115,2.9565,115,10780.0,2022-06-21
2262,762.0,,548,194,762,762,88,3.2045,88,15024.0,2022-12-26
2263,763.0,,1634,177,763,763,28,2.6429,28,3131.0,2023-07-26
2264,764.0,,1622,75,764,764,59,3.3559,59,3776.0,2023-06-18
2265,765.0,,632,6,765,765,49,2.898,49,6540.0,2020-11-07
2266,766.0,,1842,143,766,766,31,3.0,31,5134.0,2024-01-23
2267,767.0,,1862,65,767,767,76,2.7237,76,5354.0,2024-03-19
2268,768.0,,1298,126,768,768,26,2.5769,26,4662.0,2022-08-05
2269,769.0,,890,133,769,769,56,2.7321,56,6660.0,2022-01-16
2270,770.0,,1506,40,770,770,39,3.4103,39,3958.0,2023-08-19
2271,771.0,,1203,2,771,771,69,2.9855,69,9940.0,2023-07-05
2272,772.0,,613,180,772,772,27,3.3704,27,3409.0,2021-05-31
2273,773.0,,1703,62,773,773,64,3.2344,64,9076.0,2023-09-04
2274,774.0,,901,150,774,774,78,3.4103,78,13261.0,2022-07-02
2275,775.0,,1410,22,775,775,93,3.0645,93,16310.0,2023-01-20
2276,776.0,,1210,96,776,776,104,2.9231,104,17558.0,2022-10-22
2277,777.0,,1581,116,777,777,52,3.2692,52,6868.0,2023-07-04
2278,778.0,,1487,169,778,778,102,2.9706,102,9127.0,2023-10-27
2279,779.0,,1715,84,779,779,25,3.04,25,2600.0,2023-11-02
2280,780.0,,1318,58,780,780,106,3.1509,106,9435.0,2022-11-16
2281,781.0,,1568,91,781,781,42,2.7857,42,3253.0,2024-01-16
2282,782.0,,1378,37,782,782,83,3.2289,83,10920.0,2023-05-03
2283,783.0,,1048,138,783,783,33,2.7879,33,5683.0,2023-07-14
2284,784.0,,495,75,784,784,68,3.0,68,5580.0,2024-01-02
2285,785.0,,781,147,785,785,68,3.0294,68,4699.0,2022-01-23
2286,786.0,,938,156,786,786,42,2.8333,42,6724.0,2021-08-24
2287,787.0,,1866,92,787,787,20,2.75,20,1246.0,2024-01-09
2288,788.0,,648,7,788,788,102,2.7255,102,14790.0,2021-09-18
2289,789.0,,477,87,789,789,78,3.1154,78,11220.0,2024-01-17
2290,790.0,,1203,72,790,790,22,3.0909,22,2936.0,2024-02-18
2291,791.0,,882,22,791,791,105,2.8286,105,18202.0,2021-06-06
2292,792.0,,1147,56,792,792,64,2.8906,64,10892.0,2022-03-10
2293,793.0,,765,81,793,793,95,2.7789,95,6696.0,2021-02-12
2294,794.0,,836,115,794,794,26,2.8846,26,2699.0,2022-02-20
2295,795.0,,1420,33,795,795,25,2.64,25,4191.0,2022-12-05
2296,796.0,,792,135,796,796,66,2.8939,66,5643.0,2021-03-11
2297,797.0,,1678,85,797,797,41,3.0976,41,6357.0,2024-02-18
2298,798.0,,443,131,798,798,111,2.955,111,18917.0,2021-02-28
2299,799.0,,1515,61,799,799,38,2.8421,38,3841.0,2024-01-06
2300,800.0,,785,175,800,800,71,2.8028,71,10490.0,2021-03-12
2301,801.0,,1532,72,801,801,57,2.9123,57,8829.0,2023-08-10
2302,802.0,,406,68,802,802,99,3.2424,99,15893.0,2021-10-30
2303,803.0,,1553,71,803,803,30,3.1667,30,4071.0,2024-01-06
2304,804.0,,784,189,804,804,43,2.7907,43,5500.0,2021-09-16
2305,805.0,,1552,47,805,805,25,3.36,25,2947.0,2024-01-10
2306,806.0,,543,40,806,806,61,2.5246,61,5320.0,2022-03-02
2307,807.0,,1601,155,807,807,86,2.7558,86,10631.0,2023-06-28
2308,808.0,,1738,6,808,808,47,2.9149,47,4317.0,2023-11-12
2309,809.0,,994,20,809,809,57,3.0351,57,6884.0,2022-02-25
2310,810.0,,595,166,810,810,57,3.0175,57,4786.0,2021-11-13
2311,811.0,,438,110,811,811,49,3.0816,49,6927.0,2020-03-24
2312,812.0,,706,151,812,812,65,2.7538,65,5110.0,2024-03-01
2313,813.0,,894,140,813,813,109,3.0826,109,7198.0,2021-10-28
2314,814.0,,1323,109,814,814,96,2.9583,96,9676.0,2023-05-31
2315,815.0,,1699,21,815,815,62,3.129,62,4704.0,2024-01-14
2316,816.0,,1334,36,816,816,59,3.0,59,5355.0,2023-05-20
2317,817.0,,428,160,817,817,46,2.7391,46,7646.0,2020-05-11
2318,818.0,,479,11,818,818,68,3.0294,68,9272.0,2020-06-07
2319,819.0,,1861,102,819,819,111,3.0,111,11419.0,2024-02-21
2320,820.0,,720,93,820,820,82,3.0976,82,12766.0,2024-04-10
2321,821.0,,721,147,821,821,92,3.1196,92,7154.0,2021-01-15
2322,822.0,,1174,93,822,822,93,2.8172,93,6315.0,2024-04-11
2323,823.0,,477,83,823,823,59,3.0,59,6338.0,2024-07-14
2324,824.0,,1829,39,824,824,33,3.2727,33,5238.0,2024-01-13
2325,825.0,,738,32,825,825,94,3.0106,94,8083.0,2021-05-31
2326,826.0,,988,8,826,826,112,2.8571,112,12810.0,2021-09-23
2327,827.0,,943,157,827,827,75,3.3333,75,7369.0,2021-11-11
2328,828.0,,714,28,828,828,25,3.2,25,1882.0,2021-07-17
2329,829.0,,925,177,829,829,54,3.2593,54,9316.0,2021-12-15
2330,830.0,,1638,195,830,830,51,2.9608,51,8453.0,2023-08-09
2331,831.0,,1589,163,831,831,42,3.0714,42,6733.0,2023-11-08
2332,832.0,,441,90,832,832,67,3.2239,67,6961.0,2020-03-21
2333,833.0,,378,142,833,833,73,3.2192,73,8775.0,2020-07-04
2334,834.0,,686,68,834,834,77,3.0,77,10523.0,2021-07-07
2335,835.0,,1312,98,835,835,92,2.7065,92,5554.0,2023-05-25
2336,836.0,,386,183,836,836,69,2.9565,69,10108.0,2020-02-24
2337,837.0,,1599,137,837,837,54,2.7037,54,4778.0,2023-07-29
2338,838.0,,857,193,838,838,103,2.8155,103,15573.0,2021-06-27
2339,839.0,,574,5,839,839,31,2.9677,31,3067.0,2020-09-14
2340,840.0,,1028,54,840,840,89,3.1798,89,15761.0,2021-10-26
2341,841.0,,686,145,841,841,30,3.0667,30,5085.0,2020-11-22
2342,842.0,,906,124,842,842,83,3.0,83,13660.0,2022-07-27
2343,843.0,,1660,115,843,843,77,2.9221,77,13016.0,2023-09-28
2344,844.0,,1436,190,844,844,82,2.9756,82,8147.0,2023-01-01
2345,845.0,,736,185,845,845,61,2.7213,61,8503.0,2021-01-14
2346,846.0,,875,24,846,846,73,2.8904,73,10972.0,2021-06-26
2347,847.0,,1302,21,847,847,56,2.75,56,8662.0,2023-10-15
2348,848.0,,1000,22,848,848,78,3.2436,78,12799.0,2022-09-29
2349,849.0,,1402,48,849,849,71,3.0423,71,5105.0,2022-12-03
2350,850.0,,801,120,850,850,100,2.92,100,18250.0,2022-09-17
2351,851.0,,1199,111,851,851,86,3.093,86,5270.0,2023-07-21
2352,852.0,,595,84,852,852,48,2.7708,48,6479.0,2023-05-29
2353,853.0,,1099,93,853,853,107,3.1869,107,7764.0,2022-05-15
2354,854.0,,1843,184,854,854,55,3.0364,55,7776.0,2024-02-10
2355,855.0,,718,149,855,855,22,2.5909,22,2794.0,2021-11-29
2356,856.0,,877,128,856,856,97,2.9691,97,12297.0,2022-01-20
2357,857.0,,372,102,857,857,72,3.0556,72,10971.0,2020-08-11
2358,858.0,,1191,96,858,858,65,2.8462,65,5648.0,2024-03-27
2359,859.0,,1756,125,859,859,73,3.2055,73,7666.0,2023-11-02
2360,860.0,,1859,71,860,860,100,2.91,100,6328.0,2024-02-22
2361,861.0,,1787,126,861,861,33,2.8788,33,2162.0,2024-01-08
2362,862.0,,1477,125,862,862,97,3.0825,97,13094.0,2023-05-17
2363,863.0,,400,189,863,863,42,2.9048,42,3691.0,2022-08-24
2364,864.0,,600,167,864,864,88,2.8068,88,6685.0,2021-02-13
2365,865.0,,1685,64,865,865,80,2.8875,80,7017.0,2023-09-22
2366,866.0,,983,106,866,866,59,3.1356,59,5578.0,2022-08-20
2367,867.0,,1137,103,867,867,95,3.1789,95,15769.0,2022-09-04
2368,868.0,,783,131,868,868,103,2.6699,103,11706.0,2021-03-27
2369,869.0,,1653,167,869,869,27,2.8148,27,2208.0,2024-02-16
2370,870.0,,484,3,870,870,25,2.96,25,3500.0,2021-06-25
2371,871.0,,809,116,871,871,59,2.9153,59,9118.0,2023-02-15
2372,872.0,,1565,39,872,872,53,2.6981,53,3836.0,2024-02-11
2373,873.0,,1375,130,873,873,26,2.3462,26,4328.0,2022-10-08
2374,874.0,,686,173,874,874,24,3.3333,24,2323.0,2024-08-11
2375,875.0,,1645,25,875,875,53,2.7358,53,5136.0,2023-07-13
2376,876.0,,1419,132,876,876,106,2.9811,106,18303.0,2023-03-30
2377,877.0,,1144,163,877,877,42,2.381,42,6984.0,2022-03-07
2378,878.0,,1073,10,878,878,56,2.5714,56,9461.0,2023-05-17
2379,879.0,,1099,97,879,879,39,3.2564,39,3930.0,2022-05-02
2380,880.0,,1763,188,880,880,110,3.1091,110,19467.0,2023-11-24
2381,881.0,,482,145,881,881,81,3.3086,81,8998.0,2024-09-20
2382,882.0,,1574,51,882,882,59,3.1864,59,5615.0,2023-06-15
2383,883.0,,1290,115,883,883,115,3.0957,115,19004.0,2022-09-19
2384,884.0,,1406,10,884,884,51,3.1765,51,4221.0,2024-01-23
2385,885.0,,911,172,885,885,62,2.9839,62,9307.0,2021-08-28
2386,886.0,,1642,102,886,886,58,3.069,58,7392.0,2024-04-09
2387,887.0,,1754,53,887,887,28,2.8571,28,1869.0,2023-10-25
2388,888.0,,1480,41,888,888,64,2.8906,64,8555.0,2023-11-20
2389,889.0,,1028,28,889,889,100,2.96,100,13512.0,2022-03-16
2390,890.0,,1211,144,890,890,40,3.1,40,4077.0,2024-07-26
2391,891.0,,462,18,891,891,112,2.8661,112,19770.0,2022-03-17
2392,892.0,,397,102,892,892,42,3.3571,42,6668.0,2023-01-16
2393,893.0,,755,33,893,893,106,3.1887,106,13314.0,2021-05-04
2394,894.0,,965,100,894,894,54,2.7593,54,8198.0,2022-08-07
2395,895.0,,400,136,895,895,52,2.5192,52,7322.0,2020-03-13
2396,896.0,,1426,181,896,896,53,2.8868,53,5990.0,2022-12-27
2397,897.0,,850,73,897,897,40,2.8,40,5600.0,2024-01-20
2398,898.0,,915,50,898,898,107,3.2523,107,9896.0,2022-01-13
2399,899.0,,652,60,899,899,54,3.3704,54,4113.0,2024-01-11
2400,900.0,,707,49,900,900,25,3.4,25,3068.0,2021-01-17
2401,901.0,,577,74,901,901,71,3.3803,71,8100.0,2022-08-08
2402,902.0,,1826,30,902,902,45,3.0,45,4313.0,2024-03-24
2403,903.0,,740,21,903,903,76,3.0263,76,10257.0,2022-05-03
2404,904.0,,895,9,904,904,67,3.3433,67,5702.0,2024-04-20
2405,905.0,,1337,166,905,905,48,2.8333,48,6638.0,2024-04-29
2406,906.0,,1828,183,906,906,86,2.8721,86,10984.0,2024-01-13
2407,907.0,,1384,148,907,907,74,3.0541,74,4959.0,2022-10-15
2408,908.0,,376,140,908,908,59,3.0339,59,7737.0,2020-08-02
2409,909.0,,862,14,909,909,72,3.1667,72,12686.0,2022-07-05
2410,910.0,,1360,6,910,910,34,3.4118,34,2833.0,2023-02-24
2411,911.0,,1186,111,911,911,79,2.9747,79,7435.0,2022-08-24
2412,912.0,,889,130,912,912,43,3.1628,43,4529.0,2023-11-07
2413,913.0,,1636,6,913,913,83,2.7229,83,11646.0,2023-07-06
2414,914.0,,803,126,914,914,49,3.0612,49,5336.0,2023-06-05
2415,915.0,,806,40,915,915,95,3.0421,95,8617.0,2022-04-19
2416,916.0,,1304,76,916,916,48,2.8958,48,4167.0,2023-05-19
2417,917.0,,1050,62,917,917,94,3.1596,94,15679.0,2022-05-05
2418,918.0,,1389,184,918,918,71,3.3099,71,8869.0,2023-08-18
2419,919.0,,1742,8,919,919,45,2.7778,45,4805.0,2023-12-25
2420,920.0,,1457,55,920,920,25,2.92,25,2376.0,2024-04-21
2421,921.0,,1206,29,921,921,26,3.3077,26,2932.0,2022-04-20
2422,922.0,,1239,23,922,922,52,2.8654,52,5465.0,2024-08-15
2423,923.0,,1816,105,923,923,55,2.4909,55,5169.0,2023-12-23
2424,924.0,,1371,64,924,924,100,2.9,100,9273.0,2022-12-21
2425,925.0,,1537,179,925,925,76,2.8816,76,5555.0,2023-06-29
2426,926.0,,1876,18,926,926,105,3.0381,105,7388.0,2024-03-20
2427,927.0,,630,81,927,927,37,3.027,37,3467.0,2024-07-03
2428,928.0,,404,11,928,928,96,3.2083,96,14170.0,2020-04-19
2429,929.0,,568,67,929,929,62,2.9032,62,9021.0,2020-07-29
2430,930.0,,1533,75,930,930,110,3.0636,110,9582.0,2023-03-20
2431,931.0,,1385,195,931,931,19,3.0,19,2159.0,2023-01-03
2432,932.0,,1406,175,932,932,54,3.1852,54,8308.0,2022-11-07
2433,933.0,,532,34,933,933,59,2.7797,59,5325.0,2021-08-24
2434,934.0,,561,168,934,934,48,2.9375,48,8875.0,2020-09-05
2435,935.0,,629,88,935,935,109,2.945,109,16373.0,2021-04-16
2436,936.0,,1743,169,936,936,28,2.8929,28,1942.0,2024-04-10
2437,937.0,,1092,178,937,937,64,3.0313,64,11097.0,2022-12-05
2438,938.0,,1736,35,938,938,95,2.8737,95,8782.0,2023-11-15
2439,939.0,,1242,158,939,939,31,3.2258,31,4356.0,2022-06-09
2440,940.0,,900,71,940,940,59,3.0169,59,7838.0,2022-01-19
2441,941.0,,1636,106,941,941,111,2.8378,111,17651.0,2024-02-18
2442,942.0,,486,17,942,942,115,2.8,115,8353.0,2020-06-05
2443,943.0,,1360,87,943,943,64,3.1094,64,7679.0,2024-03-30
2444,944.0,,1798,44,944,944,41,2.9512,41,4768.0,2024-05-01
2445,945.0,,1753,147,945,945,72,3.2083,72,6307.0,2023-12-04
2446,946.0,,1224,52,946,946,83,2.8554,83,12779.0,2024-03-09
2447,947.0,,451,122,947,947,32,3.1563,32,3469.0,2024-03-17
2448,948.0,,583,114,948,948,55,3.1818,55,8544.0,2024-07-11
2449,949.0,,1027,119,949,949,68,2.7941,68,6374.0,2024-02-19
2450,950.0,,1210,73,950,950,39,2.9744,39,6427.0,2022-05-01
2451,951.0,,1083,154,951,951,71,2.8873,71,7783.0,2022-01-29
2452,952.0,,902,153,952,952,72,2.8472,72,10556.0,2021-07-30
2453,953.0,,762,176,953,953,71,2.7887,71,10854.0,2023-05-14
2454,954.0,,563,128,954,954,79,3.2532,79,13363.0,2022-08-19
2455,955.0,,894,50,955,955,39,2.9487,39,5556.0,2021-06-17
2456,956.0,,1402,7,956,956,37,2.8649,37,4975.0,2022-11-28
2457,957.0,,1682,13,957,957,61,2.9016,61,3868.0,2023-09-15
2458,958.0,,370,168,958,958,106,3.1321,106,14916.0,2020-09-28
2459,959.0,,1794,8,959,959,29,2.7586,29,1703.0,2024-02-29
2460,960.0,,1861,1,960,960,76,2.9342,76,13269.0,2024-03-30
2461,961.0,,1527,42,961,961,99,3.0404,99,7095.0,2023-03-09
2462,962.0,,423,114,962,962,39,2.9231,39,3045.0,2020-05-28
2463,963.0,,783,134,963,963,22,3.0,22,2001.0,2021-05-28
2464,964.0,,1355,66,964,964,53,3.3774,53,4365.0,2023-03-05
2465,965.0,,1413,169,965,965,28,3.25,28,2806.0,2022-11-22
2466,966.0,,1274,134,966,966,78,2.859,78,8601.0,2022-07-04
2467,967.0,,1238,169,967,967,34,3.4706,34,4645.0,2024-12-18
2468,968.0,,667,66,968,968,101,3.198,101,9541.0,2022-11-05
2469,969.0,,483,46,969,969,58,3.1724,58,4120.0,2020-06-09
2470,970.0,,691,94,970,970,34,2.7941,34,5523.0,2022-04-04
2471,971.0,,1478,25,971,971,42,2.6905,42,4500.0,2024-04-12
2472,972.0,,427,55,972,972,35,3.1714,35,4240.0,2020-03-24
2473,973.0,,1429,17,973,973,48,2.875,48,5048.0,2024-02-15
2474,974.0,,840,165,974,974,37,2.7568,37,5052.0,2021-05-15
2475,975.0,,1224,106,975,975,31,2.9355,31,5384.0,2022-05-10
2476,976.0,,1668,147,976,976,35,3.0,35,3011.0,2023-10-15
2477,977.0,,709,190,977,977,72,3.0,72,5018.0,2020-12-13
2478,978.0,,1123,10,978,978,82,3.0244,82,12575.0,2022-10-03
2479,979.0,,959,66,979,979,48,3.0417,48,3103.0,2021-11-03
2480,980.0,,642,133,980,980,65,3.1692,65,8139.0,2024-05-02
2481,981.0,,841,158,981,981,76,2.8289,76,12414.0,2022-01-22
2482,982.0,,1634,100,982,982,108,3.1667,108,18635.0,2023-08-03
2483,983.0,,1136,81,983,983,94,2.883,94,9332.0,2024-12-25
2484,984.0,,1127,170,984,984,20,2.95,20,2318.0,2022-03-13
2485,985.0,,571,128,985,985,70,3.1143,70,9357.0,2022-06-01
2486,986.0,,1659,141,986,986,83,2.7952,83,5506.0,2023-11-22
2487,987.0,,1845,67,987,987,34,2.9118,34,5358.0,2024-02-06
2488,988.0,,1314,175,988,988,61,3.0,61,5820.0,2024-01-05
2489,989.0,,835,110,989,989,100,3.09,100,14908.0,2022-10-29
2490,990.0,,1673,155,990,990,57,3.0,57,7083.0,2023-08-25
2491,991.0,,749,103,991,991,88,3.1591,88,13129.0,2022-07-26
2492,992.0,,1260,161,992,992,103,3.0,103,12982.0,2023-07-04
2493,993.0,,1880,158,993,993,98,3.2143,98,11532.0,2024-03-16
2494,994.0,,1269,7,994,994,109,3.2018,109,7433.0,2022-06-23
2495,995.0,,399,55,995,995,52,3.1923,52,3684.0,2020-02-27
2496,996.0,,1539,72,996,996,42,3.3095,42,3881.0,2023-07-22
2497,997.0,,1384,150,997,997,61,2.7705,61,4588.0,2023-04-09
2498,998.0,,1726,9,998,998,73,2.8767,73,10288.0,2023-09-23
2499,999.0,,1611,105,999,999,78,2.8333,78,12025.0,2023-08-18
2500,1000.0,,509,133,1000,1000,106,2.9528,106,16575.0,2021-02-20
2501,,1.0,959,70,1001,1001,5817,3.0038,5817,246190.0,2023-07-31
2502,,2.0,470,132,1002,1002,6354,2.9876,6354,246359.0,2020-06-11
2503,,3.0,922,167,1003,1003,1522,3.0263,1522,61386.0,2022-01-27
2504,,4.0,1783,162,1004,1004,2553,3.0082,2553,103286.0,2024-03-25
2505,,5.0,1713,65,1005,1005,1255,2.9777,1255,43861.0,2024-04-05
2506,,6.0,1580,156,1006,1006,784,3.0255,784,31307.0,2023-05-24
2507,,7.0,665,146,1007,1007,3605,3.0,3605,141978.0,2023-12-31
2508,,8.0,984,168,1008,1008,5564,3.0093,5564,224377.0,2022-02-15
2509,,9.0,1467,38,1009,1009,4988,2.996,4988,191901.0,2024-01-19
2510,,10.0,1669,52,1010,1010,4448,2.9982,4448,175615.0,2023-12-22
2511,,11.0,1759,38,1011,1011,6496,3.024,6496,266759.0,2023-10-28
2512,,12.0,1393,114,1012,1012,7067,3.0473,7067,280375.0,2022-12-02
2513,,13.0,1316,53,1013,1013,4002,3.0377,4002,164550.0,2023-09-13
2514,,14.0,982,161,1014,1014,4258,2.9814,4258,164622.0,2022-11-14
2515,,15.0,750,186,1015,1015,6243,2.9691,6243,250950.0,2022-08-09
2516,,16.0,1089,62,1016,1016,5621,3.0425,5621,221856.0,2022-01-22
2517,,17.0,1620,34,1017,1017,7766,3.0067,7766,310211.0,2023-12-05
2518,,18.0,1264,162,1018,1018,1311,3.0069,1311,55118.0,2023-02-10
2519,,19.0,1837,52,1019,1019,4531,2.9934,4531,172297.0,2024-03-11
2520,,20.0,1022,193,1020,1020,5532,3.0085,5532,228764.0,2022-10-28
2521,,21.0,1088,120,1021,1021,7088,3.0065,7088,291787.0,2024-04-06
2522,,22.0,623,177,1022,1022,5504,2.9847,5504,208703.0,2021-08-04
2523,,23.0,758,38,1023,1023,910,2.978,910,35322.0,2024-04-30
2524,,24.0,484,3,1024,1024,4245,2.9828,4245,169896.0,2022-02-02
2525,,25.0,868,76,1025,1025,7454,2.9922,7454,290724.0,2022-01-19
2526,,26.0,1446,26,1026,1026,4258,3.0261,4258,170705.0,2023-09-01
2527,,27.0,440,155,1027,1027,5912,3.0387,5912,246069.0,2020-05-12
2528,,28.0,924,146,1028,1028,5816,2.9979,5816,234241.0,2021-10-25
2529,,29.0,718,15,1029,1029,4052,2.9958,4052,169764.0,2023-09-03
2530,,30.0,953,170,1030,1030,3835,3.0381,3835,150878.0,2023-12-20
2531,,31.0,1774,160,1031,1031,3308,3.0079,3308,129284.0,2023-11-11
2532,,32.0,850,189,1032,1032,5501,2.9909,5501,222615.0,2024-04-08
2533,,33.0,1766,155,1033,1033,1127,3.0,1127,44634.0,2023-11-14
2534,,34.0,695,29,1034,1034,1717,3.0303,1717,64002.0,2022-11-24
2535,,35.0,1004,134,1035,1035,2727,3.0048,2727,112816.0,2022-04-21
2536,,36.0,718,25,1036,1036,5351,3.0209,5351,209852.0,2021-03-06
2537,,37.0,936,81,1037,1037,4631,3.0199,4631,184794.0,2024-04-23
2538,,38.0,1479,172,1038,1038,1157,3.0251,1157,45945.0,2023-03-22
2539,,39.0,1306,119,1039,1039,4315,2.9838,4315,171004.0,2022-10-09
2540,,40.0,798,37,1040,1040,4851,2.987,4851,191193.0,2023-08-08
2541,,41.0,480,9,1041,1041,1055,3.0095,1055,42711.0,2021-10-13
2542,,42.0,1315,47,1042,1042,1324,3.0642,1324,50997.0,2023-10-17
2543,,43.0,539,25,1043,1043,638,3.0517,638,26698.0,2023-01-10
2544,,44.0,1442,159,1044,1044,8361,2.9672,8361,341857.0,2023-06-24
2545,,45.0,1115,186,1045,1045,5579,3.002,5579,218534.0,2024-02-11
2546,,46.0,979,11,1046,1046,4235,3.0201,4235,169808.0,2021-12-17
2547,,47.0,1239,166,1047,1047,2502,3.0024,2502,102811.0,2022-10-18
2548,,48.0,1390,176,1048,1048,6499,2.9889,6499,264022.0,2022-12-04
2549,,49.0,1085,45,1049,1049,448,2.9375,448,12802.0,2022-02-14
2550,,50.0,1362,167,1050,1050,1434,2.9393,1434,56965.0,2024-04-08
2551,,51.0,442,152,1051,1051,4995,2.9852,4995,197167.0,2022-07-19
2552,,52.0,1477,165,1052,1052,7946,3.023,7946,324253.0,2023-05-07
2553,,53.0,1833,103,1053,1053,1505,3.0213,1505,64521.0,2024-02-22
2554,,54.0,1606,48,1054,1054,1339,3.0373,1339,47569.0,2023-07-06
2555,,55.0,1753,170,1055,1055,1680,2.9452,1680,65210.0,2023-12-09
2556,,56.0,748,16,1056,1056,3661,2.9822,3661,144995.0,2022-07-31
2557,,57.0,590,25,1057,1057,6382,3.0296,6382,264220.0,2020-09-17
2558,,58.0,1757,188,1058,1058,2389,3.0201,2389,92534.0,2023-11-23
2559,,59.0,1466,103,1059,1059,5598,3.0063,5598,230372.0,2024-04-25
2560,,60.0,472,45,1060,1060,4386,2.9845,4386,174033.0,2020-08-15
2561,,61.0,840,103,1061,1061,239,3.0669,239,10588.0,2022-06-06
2562,,62.0,1661,188,1062,1062,2908,2.9477,2908,130341.0,2024-01-25
2563,,63.0,412,116,1063,1063,6053,3.0021,6053,227815.0,2020-09-14
2564,,64.0,965,159,1064,1064,6415,2.997,6415,263728.0,2023-10-10
2565,,65.0,1170,113,1065,1065,5274,3.0123,5274,209051.0,2024-03-22
2566,,66.0,1693,184,1066,1066,7115,2.9855,7115,285901.0,2024-02-08
2567,,67.0,601,156,1067,1067,1089,2.9513,1089,48056.0,2020-10-05
2568,,68.0,1612,47,1068,1068,5962,3.0439,5962,233151.0,2023-11-06
2569,,69.0,865,177,1069,1069,3730,3.0359,3730,142035.0,2022-04-16
2570,,70.0,1335,91,1070,1070,1839,2.9712,1839,80432.0,2023-04-25
2571,,71.0,1275,1,1071,1071,4430,2.9779,4430,186987.0,2023-05-24
2572,,72.0,472,186,1072,1072,6375,3.0132,6375,264559.0,2022-01-07
2573,,73.0,1009,23,1073,1073,3554,2.993,3554,154543.0,2022-03-02
2574,,74.0,783,138,1074,1074,3229,3.0378,3229,123195.0,2021-07-08
2575,,75.0,849,180,1075,1075,4371,2.9977,4371,162575.0,2024-04-04
2576,,76.0,979,87,1076,1076,6232,3.0063,6232,266372.0,2022-10-15
2577,,77.0,397,63,1077,1077,2713,3.0405,2713,103897.0,2021-06-10
2578,,78.0,1637,113,1078,1078,6081,2.9883,6081,249451.0,2023-10-19
2579,,79.0,1684,140,1079,1079,2781,2.9698,2781,110957.0,2023-08-12
2580,,80.0,1475,6,1080,1080,1030,2.9369,1030,41047.0,2023-03-15
2581,,81.0,1337,188,1081,1081,3009,3.0123,3009,115383.0,2023-06-29
2582,,82.0,1752,70,1082,1082,6550,3.0154,6550,259515.0,2023-10-25
2583,,83.0,1506,164,1083,1083,1291,2.9527,1291,49654.0,2023-04-13
2584,,84.0,1609,182,1084,1084,4848,3.0021,4848,203829.0,2023-09-11
2585,,85.0,1336,189,1085,1085,2925,3.0123,2925,119524.0,2024-02-02
2586,,86.0,1367,86,1086,1086,2394,2.9983,2394,95468.0,2022-11-09
2587,,87.0,458,71,1087,1087,4606,2.9941,4606,182655.0,2021-12-29
2588,,88.0,1455,60,1088,1088,4133,2.9964,4133,162119.0,2023-04-27
2589,,89.0,1494,24,1089,1089,3121,2.9897,3121,114970.0,2023-04-17
2590,,90.0,616,195,1090,1090,4315,2.9826,4315,165754.0,2023-11-02
2591,,91.0,1491,40,1091,1091,4670,2.9726,4670,181717.0,2023-08-27
2592,,92.0,1431,88,1092,1092,2971,2.9976,2971,120394.0,2023-04-02
2593,,93.0,653,24,1093,1093,1021,2.9843,1021,36216.0,2022-09-20
2594,,94.0,1876,151,1094,1094,6212,3.0092,6212,241513.0,2024-03-24
2595,,95.0,480,48,1095,1095,5564,3.0014,5564,230032.0,2023-03-17
2596,,96.0,833,146,1096,1096,1538,2.9766,1538,66662.0,2023-05-05
2597,,97.0,1571,92,1097,1097,5135,2.9823,5135,217946.0,2024-02-04
2598,,98.0,1307,151,1098,1098,5481,2.9838,5481,220370.0,2023-03-12
2599,,99.0,1100,80,1099,1099,3494,3.0278,3494,138793.0,2023-11-28
2600,,100.0,1864,64,1100,1100,887,2.9876,887,35712.0,2024-02-26
2601,,101.0,1377,185,1101,1101,1939,2.9732,1939,79880.0,2023-11-24
2602,,102.0,1129,169,1102,1102,659,3.0091,659,23449.0,2022-02-03
2603,,103.0,721,150,1103,1103,942,2.9979,942,36017.0,2022-01-29
2604,,104.0,435,149,1104,1104,6638,3.0036,6638,278719.0,2020-05-21
2605,,105.0,1060,37,1105,1105,1731,3.0364,1731,67219.0,2022-10-04
2606,,106.0,1793,70,1106,1106,5374,3.0153,5374,234650.0,2024-02-26
2607,,107.0,610,132,1107,1107,4237,3.0101,4237,163751.0,2021-03-06
2608,,108.0,460,187,1108,1108,5406,3.0211,5406,225935.0,2021-01-18
2609,,109.0,1289,115,1109,1109,3882,2.9755,3882,163141.0,2023-03-29
2610,,110.0,823,11,1110,1110,3026,2.9937,3026,121027.0,2021-09-09
2611,,111.0,401,125,1111,1111,1035,2.9556,1035,43525.0,2021-06-19
2612,,112.0,1471,191,1112,1112,4698,3.0081,4698,194518.0,2024-02-08
2613,,113.0,1787,39,1113,1113,4807,3.0202,4807,196846.0,2024-02-15
2614,,114.0,1404,7,1114,1114,6354,3.0044,6354,249158.0,2023-03-06
2615,,115.0,1328,122,1115,1115,638,2.9922,638,22386.0,2023-12-29
2616,,116.0,1423,16,1116,1116,5031,2.9883,5031,196093.0,2023-01-10
2617,,117.0,1144,169,1117,1117,3141,3.0156,3141,131108.0,2022-03-30
2618,,118.0,627,36,1118,1118,4464,2.9922,4464,178454.0,2023-04-27
2619,,119.0,530,53,1119,1119,6308,2.9816,6308,251472.0,2024-03-24
2620,,120.0,1115,2,1120,1120,4737,2.9922,4737,196643.0,2023-03-15
2621,,121.0,621,95,1121,1121,2498,3.0204,2498,97328.0,2022-05-23
2622,,122.0,1514,95,1122,1122,5481,3.0387,5481,218939.0,2024-03-08
2623,,123.0,637,118,1123,1123,4602,3.0382,4602,182771.0,2022-03-03
2624,,124.0,1503,51,1124,1124,3274,3.0092,3274,139484.0,2024-04-06
2625,,125.0,1888,66,1125,1125,3575,2.9421,3575,140891.0,2024-03-27
2626,,126.0,774,45,1126,1126,5660,2.986,5660,224766.0,2024-03-02
2627,,127.0,1573,63,1127,1127,6039,2.9846,6039,241267.0,2023-04-24
2628,,128.0,1420,92,1128,1128,6314,2.9987,6314,255443.0,2023-07-29
2629,,129.0,1006,19,1129,1129,5172,3.0251,5172,213724.0,2023-07-15
2630,,130.0,575,115,1130,1130,6247,2.9685,6247,265918.0,2022-01-30
2631,,131.0,1747,175,1131,1131,4828,2.9642,4828,196659.0,2023-11-05
2632,,132.0,1284,6,1132,1132,3429,2.9942,3429,125879.0,2022-08-02
2633,,133.0,1361,111,1133,1133,4728,3.0051,4728,178699.0,2023-12-20
2634,,134.0,545,85,1134,1134,7113,2.9972,7113,289914.0,2021-07-25
2635,,135.0,430,121,1135,1135,2721,2.9923,2721,109079.0,2021-12-24
2636,,136.0,1580,79,1136,1136,6261,2.9887,6261,250162.0,2023-07-20
2637,,137.0,732,129,1137,1137,4050,3.0074,4050,156774.0,2021-03-09
2638,,138.0,815,7,1138,1138,2003,3.029,2003,78422.0,2021-04-03
2639,,139.0,1081,19,1139,1139,856,2.9381,856,33207.0,2022-01-15
2640,,140.0,1554,28,1140,1140,5478,2.9976,5478,227140.0,2023-09-15
2641,,141.0,1670,76,1141,1141,6150,3.0288,6150,242282.0,2023-12-26
2642,,142.0,1587,170,1142,1142,1996,3.0025,1996,80563.0,2023-12-19
2643,,143.0,904,94,1143,1143,6636,3.0012,6636,269582.0,2024-01-20
2644,,144.0,743,92,1144,1144,1816,3.0033,1816,70759.0,2022-08-16
2645,,145.0,442,64,1145,1145,3658,2.9199,3658,156570.0,2021-09-13
2646,,146.0,620,46,1146,1146,3874,3.0054,3874,139042.0,2020-10-28
2647,,147.0,1789,121,1147,1147,1143,3.007,1143,48235.0,2024-03-04
2648,,148.0,828,159,1148,1148,1588,3.051,1588,62807.0,2021-07-22
2649,,149.0,851,76,1149,1149,2689,3.0264,2689,99044.0,2023-07-30
2650,,150.0,1597,24,1150,1150,3979,3.0093,3979,167469.0,2023-07-03
2651,,151.0,577,120,1151,1151,4989,3.012,4989,210724.0,2020-09-26
2652,,152.0,372,74,1152,1152,2847,3.0098,2847,113503.0,2020-05-22
2653,,153.0,1206,81,1153,1153,950,3.0421,950,35021.0,2022-05-28
2654,,154.0,858,135,1154,1154,4053,3.0168,4053,169628.0,2024-04-16
2655,,155.0,1797,40,1155,1155,3603,2.9914,3603,127727.0,2024-03-07
2656,,156.0,371,177,1156,1156,554,3.0126,554,22550.0,2022-05-16
2657,,157.0,1097,94,1157,1157,2023,2.9436,2023,76931.0,2022-05-11
2658,,158.0,1795,189,1158,1158,3320,3.0277,3320,131134.0,2024-04-15
2659,,159.0,1024,139,1159,1159,4309,3.0434,4309,172146.0,2023-07-30
2660,,160.0,1299,183,1160,1160,6430,2.9921,6430,271344.0,2022-08-06
2661,,161.0,648,11,1161,1161,894,2.9642,894,35502.0,2021-08-22
2662,,162.0,1473,24,1162,1162,6596,2.9988,6596,260169.0,2023-03-19
2663,,163.0,501,112,1163,1163,2190,2.9726,2190,87034.0,2021-06-17
2664,,164.0,498,123,1164,1164,2084,2.9923,2084,83985.0,2021-11-06
2665,,165.0,1229,98,1165,1165,1898,3.0153,1898,75388.0,2023-02-01
2666,,166.0,622,95,1166,1166,2171,2.9507,2171,84277.0,2021-08-02
2667,,167.0,1048,62,1167,1167,3503,3.016,3503,139733.0,2023-11-29
2668,,168.0,1548,161,1168,1168,3460,3.0173,3460,139387.0,2023-06-20
2669,,169.0,867,44,1169,1169,4587,3.0159,4587,190365.0,2021-09-20
2670,,170.0,1829,187,1170,1170,362,3.0442,362,12452.0,2024-03-08
2671,,171.0,1657,117,1171,1171,5777,3.0023,5777,222286.0,2023-07-21
2672,,172.0,1839,192,1172,1172,4659,2.9921,4659,193480.0,2024-04-07
2673,,173.0,442,164,1173,1173,3428,3.0041,3428,129136.0,2023-06-06
2674,,174.0,1729,49,1174,1174,1746,2.984,1746,72808.0,2024-02-07
2675,,175.0,389,77,1175,1175,4713,3.0076,4713,186789.0,2021-04-02
2676,,176.0,1316,171,1176,1176,6369,3.0107,6369,256638.0,2023-05-27
2677,,177.0,1691,108,1177,1177,4580,2.9943,4580,178717.0,2023-11-10
2678,,178.0,1615,60,1178,1178,2896,3.0124,2896,108807.0,2023-07-18
2679,,179.0,855,51,1179,1179,1977,3.041,1977,82040.0,2022-04-17
2680,,180.0,539,153,1180,1180,1982,3.0303,1982,80364.0,2022-01-15
2681,,181.0,1829,23,1181,1181,2691,2.9955,2691,98990.0,2024-02-03
2682,,182.0,1158,155,1182,1182,5609,3.0114,5609,231231.0,2022-06-09
2683,,183.0,827,65,1183,1183,4217,2.9718,4217,172275.0,2021-12-16
2684,,184.0,446,75,1184,1184,6510,2.9889,6510,267608.0,2020-05-13
2685,,185.0,576,26,1185,1185,1568,2.9847,1568,60210.0,2024-02-04
2686,,186.0,870,46,1186,1186,2823,3.0184,2823,116307.0,2021-07-31
2687,,187.0,608,141,1187,1187,5584,3.0278,5584,226236.0,2024-03-05
2688,,188.0,1146,68,1188,1188,3356,2.9699,3356,127281.0,2022-05-08
2689,,189.0,1159,107,1189,1189,2624,3.0301,2624,97209.0,2024-04-04
2690,,190.0,730,66,1190,1190,4125,2.9721,4125,162170.0,2022-04-27
2691,,191.0,469,177,1191,1191,5301,3.0028,5301,198949.0,2023-08-13
2692,,192.0,1578,18,1192,1192,6569,3.0009,6569,259548.0,2023-11-17
2693,,193.0,493,49,1193,1193,6763,2.9991,6763,268661.0,2021-10-12
2694,,194.0,1438,22,1194,1194,4965,2.995,4965,201678.0,2023-07-13
2695,,195.0,547,65,1195,1195,4541,2.9912,4541,178711.0,2023-12-04
2696,,196.0,441,32,1196,1196,4495,3.0069,4495,174626.0,2021-04-04
2697,,197.0,1050,94,1197,1197,3764,3.0306,3764,150828.0,2023-06-13
2698,,198.0,1074,4,1198,1198,6349,2.9871,6349,252023.0,2022-07-07
2699,,199.0,432,187,1199,1199,4348,2.9972,4348,181770.0,2020-04-27
2700,,200.0,1529,193,1200,1200,3707,2.9668,3707,151278.0,2023-11-10
2701,,201.0,650,60,1201,1201,1468,3.0307,1468,63760.0,2023-05-06
2702,,202.0,595,98,1202,1202,6135,3.0111,6135,245785.0,2021-08-31
2703,,203.0,1847,173,1203,1203,7177,3.0007,7177,286174.0,2024-03-22
2704,,204.0,458,86,1204,1204,1033,2.9806,1033,41727.0,2020-04-24
2705,,205.0,1678,104,1205,1205,6069,2.984,6069,229453.0,2024-01-19
2706,,206.0,1610,46,1206,1206,7360,2.9855,7360,293890.0,2023-12-10
2707,,207.0,1625,173,1207,1207,4758,2.9979,4758,197556.0,2023-06-16
2708,,208.0,1623,73,1208,1208,1101,3.0045,1101,46715.0,2024-01-24
2709,,209.0,1144,153,1209,1209,652,3.0199,652,30980.0,2022-02-18
2710,,210.0,522,90,1210,1210,2903,3.0107,2903,112301.0,2021-09-10
2711,,211.0,489,44,1211,1211,7706,2.9747,7706,300796.0,2023-01-25
2712,,212.0,736,176,1212,1212,2409,2.9921,2409,104142.0,2021-01-05
2713,,213.0,1632,139,1213,1213,3509,3.0077,3509,148156.0,2024-03-09
2714,,214.0,804,37,1214,1214,2326,2.9669,2326,92940.0,2023-11-05
2715,,215.0,530,114,1215,1215,6036,2.9786,6036,233830.0,2023-11-01
2716,,216.0,782,60,1216,1216,4773,2.9971,4773,198540.0,2023-08-11
2717,,217.0,847,11,1217,1217,6597,3.0029,6597,268829.0,2021-08-12
2718,,218.0,1015,76,1218,1218,6504,3.0175,6504,276002.0,2022-12-20
2719,,219.0,1573,40,1219,1219,4576,2.9891,4576,183917.0,2023-05-01
2720,,220.0,1286,125,1220,1220,1512,3.0377,1512,58514.0,2022-07-27
2721,,221.0,1024,157,1221,1221,6776,3.0037,6776,268875.0,2022-07-13
2722,,222.0,783,19,1222,1222,7196,3.0217,7196,299800.0,2022-08-04
2723,,223.0,1648,177,1223,1223,5163,2.9799,5163,200732.0,2023-12-20
2724,,224.0,1017,15,1224,1224,7771,3.001,7771,301534.0,2023-07-05
2725,,225.0,843,92,1225,1225,478,3.0126,478,21208.0,2021-04-24
2726,,226.0,1565,16,1226,1226,6060,3.0031,6060,230755.0,2023-06-21
2727,,227.0,1865,155,1227,1227,1919,3.0151,1919,72631.0,2024-02-28
2728,,228.0,568,20,1228,1228,4919,3.0236,4919,198274.0,2020-07-29
2729,,229.0,1488,106,1229,1229,6059,2.9896,6059,239596.0,2023-04-22
2730,,230.0,507,57,1230,1230,309,3.0129,309,11584.0,2022-01-26
2731,,231.0,1328,179,1231,1231,6951,2.9968,6951,294778.0,2023-05-01
2732,,232.0,1645,47,1232,1232,4306,2.9659,4306,163027.0,2023-08-07
2733,,233.0,1059,175,1233,1233,6905,3.0251,6905,259434.0,2023-12-07
2734,,234.0,1358,133,1234,1234,1153,2.9766,1153,49619.0,2023-04-07
2735,,235.0,1458,86,1235,1235,3780,2.9892,3780,152615.0,2024-02-26
2736,,236.0,993,45,1236,1236,2753,2.9626,2753,112249.0,2022-04-01
2737,,237.0,717,50,1237,1237,3006,2.9538,3006,121817.0,2021-03-23
2738,,238.0,1348,190,1238,1238,2967,2.9882,2967,118963.0,2022-09-24
2739,,239.0,446,44,1239,1239,2824,3.0085,2824,108447.0,2020-10-31
2740,,240.0,1772,35,1240,1240,6287,3.0048,6287,240728.0,2024-04-16
2741,,241.0,554,81,1241,1241,2689,3.0179,2689,106559.0,2023-03-01
2742,,242.0,1302,91,1242,1242,5650,2.988,5650,227110.0,2023-02-23
2743,,243.0,1696,110,1243,1243,6734,3.0365,6734,274858.0,2024-04-03
2744,,244.0,640,107,1244,1244,3525,2.9773,3525,146631.0,2022-11-23
2745,,245.0,1861,23,1245,1245,3431,2.9913,3431,132359.0,2024-02-21
2746,,246.0,598,188,1246,1246,1232,2.9554,1232,49678.0,2021-03-02
2747,,247.0,1834,73,1247,1247,2603,2.9769,2603,101259.0,2024-02-25
2748,,248.0,1042,156,1248,1248,6864,2.9926,6864,275451.0,2023-08-19
2749,,249.0,986,17,1249,1249,1334,2.9423,1334,51728.0,2022-10-14
2750,,250.0,710,142,1250,1250,716,2.9469,716,27755.0,2021-09-17
2751,,251.0,802,24,1251,1251,4763,2.9425,4763,201334.0,2024-01-03
2752,,252.0,911,19,1252,1252,2105,2.9501,2105,84735.0,2021-12-10
2753,,253.0,373,25,1253,1253,1749,3.0069,1749,63299.0,2023-03-24
2754,,254.0,1540,86,1254,1254,7513,2.9827,7513,297004.0,2023-08-15
2755,,255.0,766,16,1255,1255,4572,3.0026,4572,178257.0,2023-02-03
2756,,256.0,1769,158,1256,1256,6317,3.0119,6317,248807.0,2023-12-27
2757,,257.0,1395,86,1257,1257,4740,3.0194,4740,189813.0,2023-03-13
2758,,258.0,1695,172,1258,1258,5072,3.015,5072,202232.0,2023-11-13
2759,,259.0,493,63,1259,1259,6281,2.9924,6281,239941.0,2022-10-06
2760,,260.0,1050,18,1260,1260,1325,2.9887,1325,49041.0,2022-10-08
2761,,261.0,1079,50,1261,1261,5768,2.9847,5768,219917.0,2024-01-11
2762,,262.0,383,58,1262,1262,5478,2.9839,5478,222941.0,2020-06-24
2763,,263.0,803,163,1263,1263,3211,2.9907,3211,120002.0,2023-12-04
2764,,264.0,1724,160,1264,1264,618,2.9806,618,26687.0,2023-10-19
2765,,265.0,1700,67,1265,1265,2991,2.9786,2991,118714.0,2023-11-01
2766,,266.0,453,133,1266,1266,903,3.0288,903,36893.0,2022-06-13
2767,,267.0,574,10,1267,1267,968,3.0372,968,37934.0,2023-07-08
2768,,268.0,1057,43,1268,1268,2212,2.991,2212,89025.0,2024-03-05
2769,,269.0,1459,30,1269,1269,5886,2.9954,5886,227547.0,2023-05-30
2770,,270.0,1857,153,1270,1270,4387,2.9799,4387,174789.0,2024-02-13
2771,,271.0,672,187,1271,1271,4932,2.9789,4932,195104.0,2022-04-10
2772,,272.0,579,107,1272,1272,2477,3.0283,2477,98529.0,2022-03-23
2773,,273.0,979,99,1273,1273,7111,3.0066,7111,301329.0,2022-11-09
2774,,274.0,1447,48,1274,1274,1555,2.9074,1555,63169.0,2023-01-11
2775,,275.0,1316,80,1275,1275,1569,3.0612,1569,57760.0,2023-10-17
2776,,276.0,641,181,1276,1276,6291,2.9792,6291,235114.0,2020-11-19
2777,,277.0,661,129,1277,1277,2376,3.0067,2376,103389.0,2023-01-17
2778,,278.0,1290,40,1278,1278,3089,2.9942,3089,125022.0,2023-02-07
2779,,279.0,926,165,1279,1279,3979,2.96,3979,154284.0,2023-05-29
2780,,280.0,1372,139,1280,1280,6177,3.0097,6177,248766.0,2023-03-05
2781,,281.0,1431,94,1281,1281,6468,3.0017,6468,254171.0,2024-02-12
2782,,282.0,1558,16,1282,1282,5447,3.0018,5447,219574.0,2023-11-20
2783,,283.0,929,116,1283,1283,1396,3.0322,1396,55854.0,2022-11-16
2784,,284.0,1256,123,1284,1284,3670,2.9845,3670,151334.0,2022-07-25
2785,,285.0,503,55,1285,1285,4755,2.9924,4755,184762.0,2022-03-03
2786,,286.0,1884,139,1286,1286,752,3.0146,752,29025.0,2024-04-06
2787,,287.0,405,159,1287,1287,1506,3.0139,1506,55707.0,2021-07-04
2788,,288.0,1056,52,1288,1288,2383,3.0013,2383,88927.0,2022-10-15
2789,,289.0,616,92,1289,1289,3143,3.007,3143,126796.0,2022-10-03
2790,,290.0,955,24,1290,1290,1660,2.9434,1660,66362.0,2023-01-30
2791,,291.0,1605,14,1291,1291,3008,3.0253,3008,124919.0,2023-07-09
2792,,292.0,1127,141,1292,1292,1793,3.0229,1793,74615.0,2024-01-24
2793,,293.0,1533,155,1293,1293,787,2.9123,787,32731.0,2023-07-09
2794,,294.0,1227,7,1294,1294,5023,3.0072,5023,201963.0,2023-04-01
2795,,295.0,1867,176,1295,1295,2421,2.9802,2421,87330.0,2024-03-14
2796,,296.0,558,186,1296,1296,5454,3.0202,5454,217962.0,2022-10-15
2797,,297.0,1637,113,1297,1297,2737,3.0358,2737,120690.0,2024-04-15
2798,,298.0,1314,20,1298,1298,2207,3.0349,2207,87344.0,2022-11-16
2799,,299.0,451,87,1299,1299,5193,3.0139,5193,210546.0,2020-09-27
2800,,300.0,1626,30,1300,1300,4437,2.9835,4437,181288.0,2024-02-22
2801,,301.0,506,101,1301,1301,6274,3.026,6274,253104.0,2021-03-08
2802,,302.0,985,94,1302,1302,3421,3.0389,3421,146872.0,2022-03-14
2803,,303.0,772,52,1303,1303,3580,2.9969,3580,142229.0,2021-12-23
2804,,304.0,421,103,1304,1304,1052,2.9221,1052,46444.0,2021-06-03
2805,,305.0,1791,105,1305,1305,4178,3.0383,4178,162805.0,2024-03-15
2806,,306.0,1244,6,1306,1306,2467,2.9887,2467,95394.0,2022-06-26
2807,,307.0,1532,11,1307,1307,4785,3.0109,4785,188512.0,2024-04-04
2808,,308.0,1637,175,1308,1308,2007,3.0065,2007,90361.0,2023-10-11
2809,,309.0,864,41,1309,1309,8054,3.0118,8054,316725.0,2023-03-25
2810,,310.0,887,55,1310,1310,3778,3.0148,3778,141538.0,2021-08-26
2811,,311.0,498,98,1311,1311,8380,2.9899,8380,335071.0,2022-10-18
2812,,312.0,722,114,1312,1312,664,2.9458,664,29853.0,2021-04-26
2813,,313.0,448,115,1313,1313,3351,2.9415,3351,120589.0,2021-08-25
2814,,314.0,799,76,1314,1314,5123,2.9668,5123,216437.0,2023-02-06
2815,,315.0,1358,153,1315,1315,5653,2.9935,5653,218871.0,2022-12-28
2816,,316.0,1775,100,1316,1316,5774,2.9948,5774,224658.0,2023-11-27
2817,,317.0,1159,17,1317,1317,2543,3.0346,2543,96747.0,2022-10-16
2818,,318.0,542,27,1318,1318,3883,3.0306,3883,153017.0,2021-02-08
2819,,319.0,938,90,1319,1319,2410,2.9896,2410,94723.0,2022-01-11
2820,,320.0,1527,9,1320,1320,3904,3.0351,3904,160313.0,2023-10-26
2821,,321.0,612,125,1321,1321,2281,2.993,2281,89202.0,2021-07-02
2822,,322.0,1613,61,1322,1322,1532,2.9739,1532,63940.0,2024-02-18
2823,,323.0,820,40,1323,1323,1581,2.9121,1581,56328.0,2021-11-18
2824,,324.0,1476,56,1324,1324,5186,3.0287,5186,204909.0,2023-04-10
2825,,325.0,1339,123,1325,1325,3354,3.0083,3354,132715.0,2023-08-05
2826,,326.0,1779,86,1326,1326,4466,3.03,4466,173216.0,2023-12-10
2827,,327.0,1477,180,1327,1327,1801,3.0139,1801,71016.0,2023-03-01
2828,,328.0,475,104,1328,1328,6254,2.9947,6254,237101.0,2023-04-04
2829,,329.0,724,71,1329,1329,4074,3.0385,4074,162149.0,2021-08-04
2830,,330.0,962,72,1330,1330,2713,3.0055,2713,116308.0,2022-10-21
2831,,331.0,587,146,1331,1331,3561,3.0098,3561,140171.0,2021-05-19
2832,,332.0,1041,141,1332,1332,7053,3.0537,7053,289810.0,2023-01-01
2833,,333.0,1844,113,1333,1333,991,3.0141,991,34679.0,2024-03-05
2834,,334.0,1298,102,1334,1334,5855,3.0039,5855,224784.0,2023-12-08
2835,,335.0,1824,23,1335,1335,3873,2.992,3873,147169.0,2024-04-18
2836,,336.0,1871,13,1336,1336,1865,2.9094,1865,74703.0,2024-04-01
2837,,337.0,1725,163,1337,1337,2856,2.9958,2856,118120.0,2024-02-09
2838,,338.0,931,191,1338,1338,3227,3.0412,3227,132313.0,2023-10-24
2839,,339.0,1106,186,1339,1339,1091,2.9377,1091,44565.0,2022-09-26
2840,,340.0,1440,86,1340,1340,756,3.0238,756,32301.0,2023-01-05
2841,,341.0,702,99,1341,1341,1194,3.0461,1194,47593.0,2021-12-20
2842,,342.0,1590,56,1342,1342,2666,3.0038,2666,108210.0,2023-07-09
2843,,343.0,1675,39,1343,1343,2089,3.0163,2089,85004.0,2023-10-02
2844,,344.0,1315,177,1344,1344,894,2.9698,894,36343.0,2023-03-13
2845,,345.0,1305,190,1345,1345,2901,3.0038,2901,114081.0,2023-12-24
2846,,346.0,1770,118,1346,1346,2673,2.9753,2673,106102.0,2024-01-17
2847,,347.0,1119,173,1347,1347,6071,3.0,6071,244490.0,2023-06-14
2848,,348.0,1487,46,1348,1348,2064,3.0359,2064,74695.0,2023-11-27
2849,,349.0,977,132,1349,1349,4883,2.9746,4883,200669.0,2023-08-11
2850,,350.0,1809,154,1350,1350,5321,2.9867,5321,215490.0,2024-01-06
2851,,351.0,1063,162,1351,1351,2967,2.9946,2967,116910.0,2022-01-21
2852,,352.0,1694,3,1352,1352,6191,2.969,6191,247485.0,2023-11-24
2853,,353.0,1853,86,1353,1353,6764,2.9676,6764,275777.0,2024-02-15
2854,,354.0,895,116,1354,1354,4397,2.9955,4397,162900.0,2021-07-17
2855,,355.0,661,66,1355,1355,2401,3.0408,2401,96179.0,2022-06-17
2856,,356.0,452,14,1356,1356,5331,2.9929,5331,216950.0,2023-02-15
2857,,357.0,721,8,1357,1357,6071,2.9809,6071,236521.0,2023-12-09
2858,,358.0,821,7,1358,1358,2998,3.009,2998,122037.0,2022-10-05
2859,,359.0,1706,78,1359,1359,3825,2.9953,3825,145591.0,2024-03-04
2860,,360.0,448,146,1360,1360,3590,2.9905,3590,136054.0,2022-06-22
2861,,361.0,1042,79,1361,1361,8220,3.0011,8220,331870.0,2022-01-14
2862,,362.0,1125,38,1362,1362,1283,3.0226,1283,54432.0,2022-03-19
2863,,363.0,852,118,1363,1363,4865,2.985,4865,195305.0,2022-10-16
2864,,364.0,1767,73,1364,1364,4976,3.0086,4976,212899.0,2024-02-29
2865,,365.0,1708,126,1365,1365,5484,3.023,5484,217300.0,2023-10-05
2866,,366.0,1443,109,1366,1366,510,3.0529,510,26750.0,2023-02-15
2867,,367.0,1671,107,1367,1367,3814,2.9963,3814,158851.0,2024-02-11
2868,,368.0,1166,140,1368,1368,6884,3.0093,6884,273007.0,2023-07-18
2869,,369.0,781,145,1369,1369,2463,3.0459,2463,104800.0,2023-10-09
2870,,370.0,1297,108,1370,1370,5186,3.0112,5186,208209.0,2023-07-17
2871,,371.0,1076,14,1371,1371,5490,2.9893,5490,211601.0,2022-11-08
2872,,372.0,1733,135,1372,1372,7287,2.9838,7287,281964.0,2023-12-12
2873,,373.0,1326,161,1373,1373,1630,3.0288,1630,72449.0,2023-01-26
2874,,374.0,1471,38,1374,1374,990,2.9737,990,35231.0,2023-08-29
2875,,375.0,605,12,1375,1375,5148,2.9882,5148,200561.0,2020-11-11
2876,,376.0,1411,124,1376,1376,1022,3.0783,1022,41447.0,2023-01-15
2877,,377.0,585,65,1377,1377,4594,3.0165,4594,190852.0,2020-10-20
2878,,378.0,1497,57,1378,1378,461,2.9805,461,18857.0,2023-06-08
2879,,379.0,1308,168,1379,1379,4732,3.0019,4732,195300.0,2023-11-27
2880,,380.0,1802,135,1380,1380,3449,2.9516,3449,147462.0,2024-03-07
2881,,381.0,1616,16,1381,1381,5366,3.0028,5366,215575.0,2024-04-16
2882,,382.0,1459,182,1382,1382,8842,2.9997,8842,341100.0,2023-12-08
2883,,383.0,1665,113,1383,1383,2214,3.0303,2214,88207.0,2023-10-31
2884,,384.0,712,102,1384,1384,699,3.0758,699,23108.0,2021-01-20
2885,,385.0,716,19,1385,1385,3083,2.9844,3083,123722.0,2023-04-22
2886,,386.0,1526,16,1386,1386,6631,2.9821,6631,256746.0,2024-03-08
2887,,387.0,1744,184,1387,1387,409,3.0122,409,20006.0,2023-11-29
2888,,388.0,1177,53,1388,1388,4228,3.0355,4228,164355.0,2022-06-20
2889,,389.0,1488,193,1389,1389,5804,3.0179,5804,227928.0,2024-04-09
2890,,390.0,1592,29,1390,1390,6877,2.9783,6877,283496.0,2023-06-07
2891,,391.0,688,21,1391,1391,1592,2.9824,1592,58709.0,2021-07-05
2892,,392.0,1865,140,1392,1392,4725,3.0011,4725,191036.0,2024-03-22
2893,,393.0,644,57,1393,1393,3177,3.0365,3177,121170.0,2020-11-17
2894,,394.0,719,84,1394,1394,4364,3.0009,4364,176662.0,2021-07-31
2895,,395.0,788,71,1395,1395,4831,2.965,4831,194458.0,2021-10-27
2896,,396.0,1112,121,1396,1396,4606,3.0065,4606,174058.0,2022-11-10
2897,,397.0,714,119,1397,1397,1841,2.9799,1841,81267.0,2022-08-22
2898,,398.0,1774,66,1398,1398,3049,3.0082,3049,116726.0,2024-01-07
2899,,399.0,1418,106,1399,1399,801,3.0012,801,27836.0,2023-08-02
2900,,400.0,1618,55,1400,1400,4454,3.0135,4454,185669.0,2024-02-15
2901,,401.0,1087,121,1401,1401,1978,2.9924,1978,77128.0,2022-03-21
2902,,402.0,1114,123,1402,1402,4147,3.0359,4147,182276.0,2022-09-22
2903,,403.0,609,170,1403,1403,3392,3.0133,3392,127181.0,2023-06-09
2904,,404.0,1005,2,1404,1404,3866,2.9651,3866,153366.0,2023-08-19
2905,,405.0,540,114,1405,1405,4681,3.0173,4681,184337.0,2021-01-03
2906,,406.0,1013,192,1406,1406,3933,2.9659,3933,155330.0,2022-08-09
2907,,407.0,426,181,1407,1407,4452,3.0036,4452,172381.0,2022-03-18
2908,,408.0,560,141,1408,1408,6219,2.9641,6219,256127.0,2024-03-25
2909,,409.0,1203,90,1409,1409,5424,3.0013,5424,221435.0,2023-08-21
2910,,410.0,1544,108,1410,1410,6523,2.9839,6523,275113.0,2023-04-29
2911,,411.0,1779,120,1411,1411,5726,3.0232,5726,237362.0,2024-03-10
2912,,412.0,691,105,1412,1412,2962,2.9875,2962,122480.0,2020-12-25
2913,,413.0,949,59,1413,1413,6933,3.0045,6933,273501.0,2022-04-04
2914,,414.0,1347,147,1414,1414,2767,3.052,2767,111989.0,2023-03-31
2915,,415.0,1439,169,1415,1415,2037,2.9828,2037,72855.0,2023-02-23
2916,,416.0,1587,81,1416,1416,6806,3.0181,6806,280815.0,2023-11-17
2917,,417.0,1682,92,1417,1417,6965,3.0211,6965,280410.0,2023-11-16
2918,,418.0,1598,28,1418,1418,5759,3.0252,5759,231919.0,2024-03-14
2919,,419.0,1325,65,1419,1419,2436,3.014,2436,99712.0,2023-08-14
2920,,420.0,1885,174,1420,1420,6156,2.9907,6156,251695.0,2024-04-17
2921,,421.0,1196,143,1421,1421,6274,2.9954,6274,247496.0,2022-08-28
2922,,422.0,721,117,1422,1422,5362,2.9711,5362,199859.0,2021-07-11
2923,,423.0,1376,141,1423,1423,771,3.0,771,30512.0,2024-01-23
2924,,424.0,1196,67,1424,1424,3252,2.9905,3252,125563.0,2023-09-19
2925,,425.0,1796,192,1425,1425,1267,2.9905,1267,51477.0,2024-04-03
2926,,426.0,868,15,1426,1426,4087,3.0433,4087,154346.0,2022-03-08
2927,,427.0,1806,164,1427,1427,3180,3.0459,3180,130371.0,2024-01-21
2928,,428.0,1621,177,1428,1428,4698,3.0217,4698,188131.0,2023-12-22
2929,,429.0,522,102,1429,1429,5297,3.0047,5297,220478.0,2021-08-02
2930,,430.0,1303,35,1430,1430,5227,3.0216,5227,207981.0,2022-08-27
2931,,431.0,998,114,1431,1431,551,2.9946,551,21519.0,2022-10-27
2932,,432.0,1537,62,1432,1432,3376,2.9837,3376,136083.0,2023-11-24
2933,,433.0,1449,124,1433,1433,6372,2.9732,6372,262954.0,2023-01-15
2934,,434.0,1374,152,1434,1434,6613,3.0281,6613,272064.0,2023-06-07
2935,,435.0,750,92,1435,1435,4702,3.0136,4702,187352.0,2023-04-21
2936,,436.0,1680,110,1436,1436,2931,2.9761,2931,110905.0,2024-04-06
2937,,437.0,1401,136,1437,1437,4207,3.0162,4207,184198.0,2023-03-27
2938,,438.0,1711,63,1438,1438,2984,3.0422,2984,120715.0,2023-12-12
2939,,439.0,729,2,1439,1439,6733,3.0199,6733,262926.0,2022-11-17
2940,,440.0,833,53,1440,1440,5372,2.9987,5372,199284.0,2021-11-21
2941,,441.0,1324,60,1441,1441,558,2.9821,558,25329.0,2022-10-24
2942,,442.0,1872,101,1442,1442,3673,3.0392,3673,140160.0,2024-02-19
2943,,443.0,532,102,1443,1443,1490,2.9839,1490,59223.0,2021-02-05
2944,,444.0,419,39,1444,1444,6280,2.985,6280,233003.0,2023-08-11
2945,,445.0,1862,157,1445,1445,7233,3.008,7233,295993.0,2024-02-06
2946,,446.0,1837,102,1446,1446,1433,2.9756,1433,53650.0,2024-01-30
2947,,447.0,863,148,1447,1447,4075,3.001,4075,160374.0,2021-07-09
2948,,448.0,1469,54,1448,1448,558,2.9444,558,24419.0,2023-04-18
2949,,449.0,1714,154,1449,1449,1978,3.0056,1978,81693.0,2023-10-31
2950,,450.0,1820,84,1450,1450,2964,2.9808,2964,118966.0,2024-02-15
2951,,451.0,1169,35,1451,1451,5356,3.0069,5356,224868.0,2023-10-14
2952,,452.0,1469,37,1452,1452,690,3.0478,690,28685.0,2023-05-10
2953,,453.0,980,163,1453,1453,5740,2.9824,5740,234201.0,2021-12-05
2954,,454.0,492,18,1454,1454,3335,2.9772,3335,134732.0,2022-07-16
2955,,455.0,1412,179,1455,1455,6831,3.0138,6831,274567.0,2023-03-08
2956,,456.0,1251,126,1456,1456,1680,3.0244,1680,69066.0,2023-09-04
2957,,457.0,663,50,1457,1457,2079,2.9947,2079,78274.0,2020-12-18
2958,,458.0,1673,13,1458,1458,3776,2.9902,3776,161145.0,2023-11-02
2959,,459.0,1050,39,1459,1459,3539,3.0342,3539,152723.0,2022-04-29
2960,,460.0,1528,2,1460,1460,5227,3.0092,5227,205061.0,2023-05-22
2961,,461.0,794,64,1461,1461,5201,2.9739,5201,201534.0,2023-07-13
2962,,462.0,551,107,1462,1462,3596,3.0234,3596,145962.0,2021-08-07
2963,,463.0,403,169,1463,1463,5776,2.9917,5776,219739.0,2020-09-14
2964,,464.0,1886,64,1464,1464,437,2.9886,437,17786.0,2024-03-28
2965,,465.0,458,167,1465,1465,3007,3.0067,3007,128491.0,2024-04-07
2966,,466.0,621,64,1466,1466,5794,2.9988,5794,235580.0,2021-07-06
2967,,467.0,1600,142,1467,1467,3915,2.998,3915,155181.0,2023-06-11
2968,,468.0,794,177,1468,1468,1601,3.0081,1601,64311.0,2021-04-22
2969,,469.0,1215,75,1469,1469,4888,3.0207,4888,197016.0,2022-07-13
2970,,470.0,1152,27,1470,1470,7675,3.0452,7675,309923.0,2024-02-17
2971,,471.0,1799,132,1471,1471,6289,3.0205,6289,243582.0,2023-12-09
2972,,472.0,787,64,1472,1472,5847,2.9921,5847,235927.0,2022-05-08
2973,,473.0,1050,130,1473,1473,6605,3.0035,6605,264839.0,2022-10-20
2974,,474.0,470,91,1474,1474,1168,3.0625,1168,41089.0,2021-01-26
2975,,475.0,1017,22,1475,1475,1541,2.9611,1541,62902.0,2021-12-31
2976,,476.0,1233,155,1476,1476,4923,2.9913,4923,187975.0,2022-12-12
2977,,477.0,585,102,1477,1477,2175,3.0529,2175,89502.0,2023-12-09
2978,,478.0,736,189,1478,1478,3286,3.0125,3286,136349.0,2022-06-26
2979,,479.0,964,51,1479,1479,7187,2.9832,7187,304627.0,2023-02-02
2980,,480.0,729,11,1480,1480,6937,2.9918,6937,289782.0,2023-08-24
2981,,481.0,812,13,1481,1481,2288,3.0315,2288,94906.0,2023-01-03
2982,,482.0,1479,44,1482,1482,9390,2.985,9390,385649.0,2023-06-11
2983,,483.0,785,90,1483,1483,6530,3.0026,6530,260115.0,2021-07-04
2984,,484.0,881,30,1484,1484,704,3.0142,704,29303.0,2021-09-24
2985,,485.0,602,165,1485,1485,1393,3.0215,1393,51696.0,2021-02-08
2986,,486.0,994,147,1486,1486,7954,3.0109,7954,308229.0,2022-09-27
2987,,487.0,839,112,1487,1487,4090,3.0633,4090,173443.0,2022-01-23
2988,,488.0,1778,12,1488,1488,6208,2.9947,6208,248828.0,2023-11-22
2989,,489.0,1191,161,1489,1489,6367,2.9981,6367,252504.0,2022-12-08
2990,,490.0,869,21,1490,1490,6381,2.9889,6381,250738.0,2022-12-06
2991,,491.0,1255,115,1491,1491,599,2.9816,599,21540.0,2022-10-23
2992,,492.0,1004,148,1492,1492,3302,2.9815,3302,138035.0,2021-11-30
2993,,493.0,500,72,1493,1493,2555,3.0231,2555,107748.0,2023-08-11
2994,,494.0,1157,45,1494,1494,4612,3.0011,4612,186467.0,2022-06-06
2995,,495.0,1440,76,1495,1495,2456,3.0004,2456,106889.0,2023-10-09
2996,,496.0,1685,82,1496,1496,4911,3.0094,4911,182824.0,2024-04-21
2997,,497.0,1303,159,1497,1497,3399,3.0168,3399,124903.0,2024-05-05
2998,,498.0,371,35,1498,1498,7413,3.0136,7413,297445.0,2020-09-24
2999,,499.0,1355,145,1499,1499,5716,3.029,5716,233992.0,2023-12-16
3000,,500.0,1823,7,1500,1500,722,2.9792,722,26843.0,2024-02-09
