dateID,date,year,month,day,qtr
1,2019-01-01,2019,1,1,1
2,2019-01-02,2019,1,2,1
3,2019-01-03,2019,1,3,1
4,2019-01-04,2019,1,4,1
5,2019-01-05,2019,1,5,1
6,2019-01-06,2019,1,6,1
7,2019-01-07,2019,1,7,1
8,2019-01-08,2019,1,8,1
9,2019-01-09,2019,1,9,1
10,2019-01-10,2019,1,10,1
11,2019-01-11,2019,1,11,1
12,2019-01-12,2019,1,12,1
13,2019-01-13,2019,1,13,1
14,2019-01-14,2019,1,14,1
15,2019-01-15,2019,1,15,1
16,2019-01-16,2019,1,16,1
17,2019-01-17,2019,1,17,1
18,2019-01-18,2019,1,18,1
19,2019-01-19,2019,1,19,1
20,2019-01-20,2019,1,20,1
21,2019-01-21,2019,1,21,1
22,2019-01-22,2019,1,22,1
23,2019-01-23,2019,1,23,1
24,2019-01-24,2019,1,24,1
25,2019-01-25,2019,1,25,1
26,2019-01-26,2019,1,26,1
27,2019-01-27,2019,1,27,1
28,2019-01-28,2019,1,28,1
29,2019-01-29,2019,1,29,1
30,2019-01-30,2019,1,30,1
31,2019-01-31,2019,1,31,1
32,2019-02-01,2019,2,1,1
33,2019-02-02,2019,2,2,1
34,2019-02-03,2019,2,3,1
35,2019-02-04,2019,2,4,1
36,2019-02-05,2019,2,5,1
37,2019-02-06,2019,2,6,1
38,2019-02-07,2019,2,7,1
39,2019-02-08,2019,2,8,1
40,2019-02-09,2019,2,9,1
41,2019-02-10,2019,2,10,1
42,2019-02-11,2019,2,11,1
43,2019-02-12,2019,2,12,1
44,2019-02-13,2019,2,13,1
45,2019-02-14,2019,2,14,1
46,2019-02-15,2019,2,15,1
47,2019-02-16,2019,2,16,1
48,2019-02-17,2019,2,17,1
49,2019-02-18,2019,2,18,1
50,2019-02-19,2019,2,19,1
51,2019-02-20,2019,2,20,1
52,2019-02-21,2019,2,21,1
53,2019-02-22,2019,2,22,1
54,2019-02-23,2019,2,23,1
55,2019-02-24,2019,2,24,1
56,2019-02-25,2019,2,25,1
57,2019-02-26,2019,2,26,1
58,2019-02-27,2019,2,27,1
59,2019-02-28,2019,2,28,1
60,2019-03-01,2019,3,1,1
61,2019-03-02,2019,3,2,1
62,2019-03-03,2019,3,3,1
63,2019-03-04,2019,3,4,1
64,2019-03-05,2019,3,5,1
65,2019-03-06,2019,3,6,1
66,2019-03-07,2019,3,7,1
67,2019-03-08,2019,3,8,1
68,2019-03-09,2019,3,9,1
69,2019-03-10,2019,3,10,1
70,2019-03-11,2019,3,11,1
71,2019-03-12,2019,3,12,1
72,2019-03-13,2019,3,13,1
73,2019-03-14,2019,3,14,1
74,2019-03-15,2019,3,15,1
75,2019-03-16,2019,3,16,1
76,2019-03-17,2019,3,17,1
77,2019-03-18,2019,3,18,1
78,2019-03-19,2019,3,19,1
79,2019-03-20,2019,3,20,1
80,2019-03-21,2019,3,21,1
81,2019-03-22,2019,3,22,1
82,2019-03-23,2019,3,23,1
83,2019-03-24,2019,3,24,1
84,2019-03-25,2019,3,25,1
85,2019-03-26,2019,3,26,1
86,2019-03-27,2019,3,27,1
87,2019-03-28,2019,3,28,1
88,2019-03-29,2019,3,29,1
89,2019-03-30,2019,3,30,1
90,2019-03-31,2019,3,31,1
91,2019-04-01,2019,4,1,2
92,2019-04-02,2019,4,2,2
93,2019-04-03,2019,4,3,2
94,2019-04-04,2019,4,4,2
95,2019-04-05,2019,4,5,2
96,2019-04-06,2019,4,6,2
97,2019-04-07,2019,4,7,2
98,2019-04-08,2019,4,8,2
99,2019-04-09,2019,4,9,2
100,2019-04-10,2019,4,10,2
101,2019-04-11,2019,4,11,2
102,2019-04-12,2019,4,12,2
103,2019-04-13,2019,4,13,2
104,2019-04-14,2019,4,14,2
105,2019-04-15,2019,4,15,2
106,2019-04-16,2019,4,16,2
107,2019-04-17,2019,4,17,2
108,2019-04-18,2019,4,18,2
109,2019-04-19,2019,4,19,2
110,2019-04-20,2019,4,20,2
111,2019-04-21,2019,4,21,2
112,2019-04-22,2019,4,22,2
113,2019-04-23,2019,4,23,2
114,2019-04-24,2019,4,24,2
115,2019-04-25,2019,4,25,2
116,2019-04-26,2019,4,26,2
117,2019-04-27,2019,4,27,2
118,2019-04-28,2019,4,28,2
119,2019-04-29,2019,4,29,2
120,2019-04-30,2019,4,30,2
121,2019-05-01,2019,5,1,2
122,2019-05-02,2019,5,2,2
123,2019-05-03,2019,5,3,2
124,2019-05-04,2019,5,4,2
125,2019-05-05,2019,5,5,2
126,2019-05-06,2019,5,6,2
127,2019-05-07,2019,5,7,2
128,2019-05-08,2019,5,8,2
129,2019-05-09,2019,5,9,2
130,2019-05-10,2019,5,10,2
131,2019-05-11,2019,5,11,2
132,2019-05-12,2019,5,12,2
133,2019-05-13,2019,5,13,2
134,2019-05-14,2019,5,14,2
135,2019-05-15,2019,5,15,2
136,2019-05-16,2019,5,16,2
137,2019-05-17,2019,5,17,2
138,2019-05-18,2019,5,18,2
139,2019-05-19,2019,5,19,2
140,2019-05-20,2019,5,20,2
141,2019-05-21,2019,5,21,2
142,2019-05-22,2019,5,22,2
143,2019-05-23,2019,5,23,2
144,2019-05-24,2019,5,24,2
145,2019-05-25,2019,5,25,2
146,2019-05-26,2019,5,26,2
147,2019-05-27,2019,5,27,2
148,2019-05-28,2019,5,28,2
149,2019-05-29,2019,5,29,2
150,2019-05-30,2019,5,30,2
151,2019-05-31,2019,5,31,2
152,2019-06-01,2019,6,1,2
153,2019-06-02,2019,6,2,2
154,2019-06-03,2019,6,3,2
155,2019-06-04,2019,6,4,2
156,2019-06-05,2019,6,5,2
157,2019-06-06,2019,6,6,2
158,2019-06-07,2019,6,7,2
159,2019-06-08,2019,6,8,2
160,2019-06-09,2019,6,9,2
161,2019-06-10,2019,6,10,2
162,2019-06-11,2019,6,11,2
163,2019-06-12,2019,6,12,2
164,2019-06-13,2019,6,13,2
165,2019-06-14,2019,6,14,2
166,2019-06-15,2019,6,15,2
167,2019-06-16,2019,6,16,2
168,2019-06-17,2019,6,17,2
169,2019-06-18,2019,6,18,2
170,2019-06-19,2019,6,19,2
171,2019-06-20,2019,6,20,2
172,2019-06-21,2019,6,21,2
173,2019-06-22,2019,6,22,2
174,2019-06-23,2019,6,23,2
175,2019-06-24,2019,6,24,2
176,2019-06-25,2019,6,25,2
177,2019-06-26,2019,6,26,2
178,2019-06-27,2019,6,27,2
179,2019-06-28,2019,6,28,2
180,2019-06-29,2019,6,29,2
181,2019-06-30,2019,6,30,2
182,2019-07-01,2019,7,1,3
183,2019-07-02,2019,7,2,3
184,2019-07-03,2019,7,3,3
185,2019-07-04,2019,7,4,3
186,2019-07-05,2019,7,5,3
187,2019-07-06,2019,7,6,3
188,2019-07-07,2019,7,7,3
189,2019-07-08,2019,7,8,3
190,2019-07-09,2019,7,9,3
191,2019-07-10,2019,7,10,3
192,2019-07-11,2019,7,11,3
193,2019-07-12,2019,7,12,3
194,2019-07-13,2019,7,13,3
195,2019-07-14,2019,7,14,3
196,2019-07-15,2019,7,15,3
197,2019-07-16,2019,7,16,3
198,2019-07-17,2019,7,17,3
199,2019-07-18,2019,7,18,3
200,2019-07-19,2019,7,19,3
201,2019-07-20,2019,7,20,3
202,2019-07-21,2019,7,21,3
203,2019-07-22,2019,7,22,3
204,2019-07-23,2019,7,23,3
205,2019-07-24,2019,7,24,3
206,2019-07-25,2019,7,25,3
207,2019-07-26,2019,7,26,3
208,2019-07-27,2019,7,27,3
209,2019-07-28,2019,7,28,3
210,2019-07-29,2019,7,29,3
211,2019-07-30,2019,7,30,3
212,2019-07-31,2019,7,31,3
213,2019-08-01,2019,8,1,3
214,2019-08-02,2019,8,2,3
215,2019-08-03,2019,8,3,3
216,2019-08-04,2019,8,4,3
217,2019-08-05,2019,8,5,3
218,2019-08-06,2019,8,6,3
219,2019-08-07,2019,8,7,3
220,2019-08-08,2019,8,8,3
221,2019-08-09,2019,8,9,3
222,2019-08-10,2019,8,10,3
223,2019-08-11,2019,8,11,3
224,2019-08-12,2019,8,12,3
225,2019-08-13,2019,8,13,3
226,2019-08-14,2019,8,14,3
227,2019-08-15,2019,8,15,3
228,2019-08-16,2019,8,16,3
229,2019-08-17,2019,8,17,3
230,2019-08-18,2019,8,18,3
231,2019-08-19,2019,8,19,3
232,2019-08-20,2019,8,20,3
233,2019-08-21,2019,8,21,3
234,2019-08-22,2019,8,22,3
235,2019-08-23,2019,8,23,3
236,2019-08-24,2019,8,24,3
237,2019-08-25,2019,8,25,3
238,2019-08-26,2019,8,26,3
239,2019-08-27,2019,8,27,3
240,2019-08-28,2019,8,28,3
241,2019-08-29,2019,8,29,3
242,2019-08-30,2019,8,30,3
243,2019-08-31,2019,8,31,3
244,2019-09-01,2019,9,1,3
245,2019-09-02,2019,9,2,3
246,2019-09-03,2019,9,3,3
247,2019-09-04,2019,9,4,3
248,2019-09-05,2019,9,5,3
249,2019-09-06,2019,9,6,3
250,2019-09-07,2019,9,7,3
251,2019-09-08,2019,9,8,3
252,2019-09-09,2019,9,9,3
253,2019-09-10,2019,9,10,3
254,2019-09-11,2019,9,11,3
255,2019-09-12,2019,9,12,3
256,2019-09-13,2019,9,13,3
257,2019-09-14,2019,9,14,3
258,2019-09-15,2019,9,15,3
259,2019-09-16,2019,9,16,3
260,2019-09-17,2019,9,17,3
261,2019-09-18,2019,9,18,3
262,2019-09-19,2019,9,19,3
263,2019-09-20,2019,9,20,3
264,2019-09-21,2019,9,21,3
265,2019-09-22,2019,9,22,3
266,2019-09-23,2019,9,23,3
267,2019-09-24,2019,9,24,3
268,2019-09-25,2019,9,25,3
269,2019-09-26,2019,9,26,3
270,2019-09-27,2019,9,27,3
271,2019-09-28,2019,9,28,3
272,2019-09-29,2019,9,29,3
273,2019-09-30,2019,9,30,3
274,2019-10-01,2019,10,1,4
275,2019-10-02,2019,10,2,4
276,2019-10-03,2019,10,3,4
277,2019-10-04,2019,10,4,4
278,2019-10-05,2019,10,5,4
279,2019-10-06,2019,10,6,4
280,2019-10-07,2019,10,7,4
281,2019-10-08,2019,10,8,4
282,2019-10-09,2019,10,9,4
283,2019-10-10,2019,10,10,4
284,2019-10-11,2019,10,11,4
285,2019-10-12,2019,10,12,4
286,2019-10-13,2019,10,13,4
287,2019-10-14,2019,10,14,4
288,2019-10-15,2019,10,15,4
289,2019-10-16,2019,10,16,4
290,2019-10-17,2019,10,17,4
291,2019-10-18,2019,10,18,4
292,2019-10-19,2019,10,19,4
293,2019-10-20,2019,10,20,4
294,2019-10-21,2019,10,21,4
295,2019-10-22,2019,10,22,4
296,2019-10-23,2019,10,23,4
297,2019-10-24,2019,10,24,4
298,2019-10-25,2019,10,25,4
299,2019-10-26,2019,10,26,4
300,2019-10-27,2019,10,27,4
301,2019-10-28,2019,10,28,4
302,2019-10-29,2019,10,29,4
303,2019-10-30,2019,10,30,4
304,2019-10-31,2019,10,31,4
305,2019-11-01,2019,11,1,4
306,2019-11-02,2019,11,2,4
307,2019-11-03,2019,11,3,4
308,2019-11-04,2019,11,4,4
309,2019-11-05,2019,11,5,4
310,2019-11-06,2019,11,6,4
311,2019-11-07,2019,11,7,4
312,2019-11-08,2019,11,8,4
313,2019-11-09,2019,11,9,4
314,2019-11-10,2019,11,10,4
315,2019-11-11,2019,11,11,4
316,2019-11-12,2019,11,12,4
317,2019-11-13,2019,11,13,4
318,2019-11-14,2019,11,14,4
319,2019-11-15,2019,11,15,4
320,2019-11-16,2019,11,16,4
321,2019-11-17,2019,11,17,4
322,2019-11-18,2019,11,18,4
323,2019-11-19,2019,11,19,4
324,2019-11-20,2019,11,20,4
325,2019-11-21,2019,11,21,4
326,2019-11-22,2019,11,22,4
327,2019-11-23,2019,11,23,4
328,2019-11-24,2019,11,24,4
329,2019-11-25,2019,11,25,4
330,2019-11-26,2019,11,26,4
331,2019-11-27,2019,11,27,4
332,2019-11-28,2019,11,28,4
333,2019-11-29,2019,11,29,4
334,2019-11-30,2019,11,30,4
335,2019-12-01,2019,12,1,4
336,2019-12-02,2019,12,2,4
337,2019-12-03,2019,12,3,4
338,2019-12-04,2019,12,4,4
339,2019-12-05,2019,12,5,4
340,2019-12-06,2019,12,6,4
341,2019-12-07,2019,12,7,4
342,2019-12-08,2019,12,8,4
343,2019-12-09,2019,12,9,4
344,2019-12-10,2019,12,10,4
345,2019-12-11,2019,12,11,4
346,2019-12-12,2019,12,12,4
347,2019-12-13,2019,12,13,4
348,2019-12-14,2019,12,14,4
349,2019-12-15,2019,12,15,4
350,2019-12-16,2019,12,16,4
351,2019-12-17,2019,12,17,4
352,2019-12-18,2019,12,18,4
353,2019-12-19,2019,12,19,4
354,2019-12-20,2019,12,20,4
355,2019-12-21,2019,12,21,4
356,2019-12-22,2019,12,22,4
357,2019-12-23,2019,12,23,4
358,2019-12-24,2019,12,24,4
359,2019-12-25,2019,12,25,4
360,2019-12-26,2019,12,26,4
361,2019-12-27,2019,12,27,4
362,2019-12-28,2019,12,28,4
363,2019-12-29,2019,12,29,4
364,2019-12-30,2019,12,30,4
365,2019-12-31,2019,12,31,4
366,2020-01-01,2020,1,1,1
367,2020-01-02,2020,1,2,1
368,2020-01-03,2020,1,3,1
369,2020-01-04,2020,1,4,1
370,2020-01-05,2020,1,5,1
371,2020-01-06,2020,1,6,1
372,2020-01-07,2020,1,7,1
373,2020-01-08,2020,1,8,1
374,2020-01-09,2020,1,9,1
375,2020-01-10,2020,1,10,1
376,2020-01-11,2020,1,11,1
377,2020-01-12,2020,1,12,1
378,2020-01-13,2020,1,13,1
379,2020-01-14,2020,1,14,1
380,2020-01-15,2020,1,15,1
381,2020-01-16,2020,1,16,1
382,2020-01-17,2020,1,17,1
383,2020-01-18,2020,1,18,1
384,2020-01-19,2020,1,19,1
385,2020-01-20,2020,1,20,1
386,2020-01-21,2020,1,21,1
387,2020-01-22,2020,1,22,1
388,2020-01-23,2020,1,23,1
389,2020-01-24,2020,1,24,1
390,2020-01-25,2020,1,25,1
391,2020-01-26,2020,1,26,1
392,2020-01-27,2020,1,27,1
393,2020-01-28,2020,1,28,1
394,2020-01-29,2020,1,29,1
395,2020-01-30,2020,1,30,1
396,2020-01-31,2020,1,31,1
397,2020-02-01,2020,2,1,1
398,2020-02-02,2020,2,2,1
399,2020-02-03,2020,2,3,1
400,2020-02-04,2020,2,4,1
401,2020-02-05,2020,2,5,1
402,2020-02-06,2020,2,6,1
403,2020-02-07,2020,2,7,1
404,2020-02-08,2020,2,8,1
405,2020-02-09,2020,2,9,1
406,2020-02-10,2020,2,10,1
407,2020-02-11,2020,2,11,1
408,2020-02-12,2020,2,12,1
409,2020-02-13,2020,2,13,1
410,2020-02-14,2020,2,14,1
411,2020-02-15,2020,2,15,1
412,2020-02-16,2020,2,16,1
413,2020-02-17,2020,2,17,1
414,2020-02-18,2020,2,18,1
415,2020-02-19,2020,2,19,1
416,2020-02-20,2020,2,20,1
417,2020-02-21,2020,2,21,1
418,2020-02-22,2020,2,22,1
419,2020-02-23,2020,2,23,1
420,2020-02-24,2020,2,24,1
421,2020-02-25,2020,2,25,1
422,2020-02-26,2020,2,26,1
423,2020-02-27,2020,2,27,1
424,2020-02-28,2020,2,28,1
425,2020-02-29,2020,2,29,1
426,2020-03-01,2020,3,1,1
427,2020-03-02,2020,3,2,1
428,2020-03-03,2020,3,3,1
429,2020-03-04,2020,3,4,1
430,2020-03-05,2020,3,5,1
431,2020-03-06,2020,3,6,1
432,2020-03-07,2020,3,7,1
433,2020-03-08,2020,3,8,1
434,2020-03-09,2020,3,9,1
435,2020-03-10,2020,3,10,1
436,2020-03-11,2020,3,11,1
437,2020-03-12,2020,3,12,1
438,2020-03-13,2020,3,13,1
439,2020-03-14,2020,3,14,1
440,2020-03-15,2020,3,15,1
441,2020-03-16,2020,3,16,1
442,2020-03-17,2020,3,17,1
443,2020-03-18,2020,3,18,1
444,2020-03-19,2020,3,19,1
445,2020-03-20,2020,3,20,1
446,2020-03-21,2020,3,21,1
447,2020-03-22,2020,3,22,1
448,2020-03-23,2020,3,23,1
449,2020-03-24,2020,3,24,1
450,2020-03-25,2020,3,25,1
451,2020-03-26,2020,3,26,1
452,2020-03-27,2020,3,27,1
453,2020-03-28,2020,3,28,1
454,2020-03-29,2020,3,29,1
455,2020-03-30,2020,3,30,1
456,2020-03-31,2020,3,31,1
457,2020-04-01,2020,4,1,2
458,2020-04-02,2020,4,2,2
459,2020-04-03,2020,4,3,2
460,2020-04-04,2020,4,4,2
461,2020-04-05,2020,4,5,2
462,2020-04-06,2020,4,6,2
463,2020-04-07,2020,4,7,2
464,2020-04-08,2020,4,8,2
465,2020-04-09,2020,4,9,2
466,2020-04-10,2020,4,10,2
467,2020-04-11,2020,4,11,2
468,2020-04-12,2020,4,12,2
469,2020-04-13,2020,4,13,2
470,2020-04-14,2020,4,14,2
471,2020-04-15,2020,4,15,2
472,2020-04-16,2020,4,16,2
473,2020-04-17,2020,4,17,2
474,2020-04-18,2020,4,18,2
475,2020-04-19,2020,4,19,2
476,2020-04-20,2020,4,20,2
477,2020-04-21,2020,4,21,2
478,2020-04-22,2020,4,22,2
479,2020-04-23,2020,4,23,2
480,2020-04-24,2020,4,24,2
481,2020-04-25,2020,4,25,2
482,2020-04-26,2020,4,26,2
483,2020-04-27,2020,4,27,2
484,2020-04-28,2020,4,28,2
485,2020-04-29,2020,4,29,2
486,2020-04-30,2020,4,30,2
487,2020-05-01,2020,5,1,2
488,2020-05-02,2020,5,2,2
489,2020-05-03,2020,5,3,2
490,2020-05-04,2020,5,4,2
491,2020-05-05,2020,5,5,2
492,2020-05-06,2020,5,6,2
493,2020-05-07,2020,5,7,2
494,2020-05-08,2020,5,8,2
495,2020-05-09,2020,5,9,2
496,2020-05-10,2020,5,10,2
497,2020-05-11,2020,5,11,2
498,2020-05-12,2020,5,12,2
499,2020-05-13,2020,5,13,2
500,2020-05-14,2020,5,14,2
501,2020-05-15,2020,5,15,2
502,2020-05-16,2020,5,16,2
503,2020-05-17,2020,5,17,2
504,2020-05-18,2020,5,18,2
505,2020-05-19,2020,5,19,2
506,2020-05-20,2020,5,20,2
507,2020-05-21,2020,5,21,2
508,2020-05-22,2020,5,22,2
509,2020-05-23,2020,5,23,2
510,2020-05-24,2020,5,24,2
511,2020-05-25,2020,5,25,2
512,2020-05-26,2020,5,26,2
513,2020-05-27,2020,5,27,2
514,2020-05-28,2020,5,28,2
515,2020-05-29,2020,5,29,2
516,2020-05-30,2020,5,30,2
517,2020-05-31,2020,5,31,2
518,2020-06-01,2020,6,1,2
519,2020-06-02,2020,6,2,2
520,2020-06-03,2020,6,3,2
521,2020-06-04,2020,6,4,2
522,2020-06-05,2020,6,5,2
523,2020-06-06,2020,6,6,2
524,2020-06-07,2020,6,7,2
525,2020-06-08,2020,6,8,2
526,2020-06-09,2020,6,9,2
527,2020-06-10,2020,6,10,2
528,2020-06-11,2020,6,11,2
529,2020-06-12,2020,6,12,2
530,2020-06-13,2020,6,13,2
531,2020-06-14,2020,6,14,2
532,2020-06-15,2020,6,15,2
533,2020-06-16,2020,6,16,2
534,2020-06-17,2020,6,17,2
535,2020-06-18,2020,6,18,2
536,2020-06-19,2020,6,19,2
537,2020-06-20,2020,6,20,2
538,2020-06-21,2020,6,21,2
539,2020-06-22,2020,6,22,2
540,2020-06-23,2020,6,23,2
541,2020-06-24,2020,6,24,2
542,2020-06-25,2020,6,25,2
543,2020-06-26,2020,6,26,2
544,2020-06-27,2020,6,27,2
545,2020-06-28,2020,6,28,2
546,2020-06-29,2020,6,29,2
547,2020-06-30,2020,6,30,2
548,2020-07-01,2020,7,1,3
549,2020-07-02,2020,7,2,3
550,2020-07-03,2020,7,3,3
551,2020-07-04,2020,7,4,3
552,2020-07-05,2020,7,5,3
553,2020-07-06,2020,7,6,3
554,2020-07-07,2020,7,7,3
555,2020-07-08,2020,7,8,3
556,2020-07-09,2020,7,9,3
557,2020-07-10,2020,7,10,3
558,2020-07-11,2020,7,11,3
559,2020-07-12,2020,7,12,3
560,2020-07-13,2020,7,13,3
561,2020-07-14,2020,7,14,3
562,2020-07-15,2020,7,15,3
563,2020-07-16,2020,7,16,3
564,2020-07-17,2020,7,17,3
565,2020-07-18,2020,7,18,3
566,2020-07-19,2020,7,19,3
567,2020-07-20,2020,7,20,3
568,2020-07-21,2020,7,21,3
569,2020-07-22,2020,7,22,3
570,2020-07-23,2020,7,23,3
571,2020-07-24,2020,7,24,3
572,2020-07-25,2020,7,25,3
573,2020-07-26,2020,7,26,3
574,2020-07-27,2020,7,27,3
575,2020-07-28,2020,7,28,3
576,2020-07-29,2020,7,29,3
577,2020-07-30,2020,7,30,3
578,2020-07-31,2020,7,31,3
579,2020-08-01,2020,8,1,3
580,2020-08-02,2020,8,2,3
581,2020-08-03,2020,8,3,3
582,2020-08-04,2020,8,4,3
583,2020-08-05,2020,8,5,3
584,2020-08-06,2020,8,6,3
585,2020-08-07,2020,8,7,3
586,2020-08-08,2020,8,8,3
587,2020-08-09,2020,8,9,3
588,2020-08-10,2020,8,10,3
589,2020-08-11,2020,8,11,3
590,2020-08-12,2020,8,12,3
591,2020-08-13,2020,8,13,3
592,2020-08-14,2020,8,14,3
593,2020-08-15,2020,8,15,3
594,2020-08-16,2020,8,16,3
595,2020-08-17,2020,8,17,3
596,2020-08-18,2020,8,18,3
597,2020-08-19,2020,8,19,3
598,2020-08-20,2020,8,20,3
599,2020-08-21,2020,8,21,3
600,2020-08-22,2020,8,22,3
601,2020-08-23,2020,8,23,3
602,2020-08-24,2020,8,24,3
603,2020-08-25,2020,8,25,3
604,2020-08-26,2020,8,26,3
605,2020-08-27,2020,8,27,3
606,2020-08-28,2020,8,28,3
607,2020-08-29,2020,8,29,3
608,2020-08-30,2020,8,30,3
609,2020-08-31,2020,8,31,3
610,2020-09-01,2020,9,1,3
611,2020-09-02,2020,9,2,3
612,2020-09-03,2020,9,3,3
613,2020-09-04,2020,9,4,3
614,2020-09-05,2020,9,5,3
615,2020-09-06,2020,9,6,3
616,2020-09-07,2020,9,7,3
617,2020-09-08,2020,9,8,3
618,2020-09-09,2020,9,9,3
619,2020-09-10,2020,9,10,3
620,2020-09-11,2020,9,11,3
621,2020-09-12,2020,9,12,3
622,2020-09-13,2020,9,13,3
623,2020-09-14,2020,9,14,3
624,2020-09-15,2020,9,15,3
625,2020-09-16,2020,9,16,3
626,2020-09-17,2020,9,17,3
627,2020-09-18,2020,9,18,3
628,2020-09-19,2020,9,19,3
629,2020-09-20,2020,9,20,3
630,2020-09-21,2020,9,21,3
631,2020-09-22,2020,9,22,3
632,2020-09-23,2020,9,23,3
633,2020-09-24,2020,9,24,3
634,2020-09-25,2020,9,25,3
635,2020-09-26,2020,9,26,3
636,2020-09-27,2020,9,27,3
637,2020-09-28,2020,9,28,3
638,2020-09-29,2020,9,29,3
639,2020-09-30,2020,9,30,3
640,2020-10-01,2020,10,1,4
641,2020-10-02,2020,10,2,4
642,2020-10-03,2020,10,3,4
643,2020-10-04,2020,10,4,4
644,2020-10-05,2020,10,5,4
645,2020-10-06,2020,10,6,4
646,2020-10-07,2020,10,7,4
647,2020-10-08,2020,10,8,4
648,2020-10-09,2020,10,9,4
649,2020-10-10,2020,10,10,4
650,2020-10-11,2020,10,11,4
651,2020-10-12,2020,10,12,4
652,2020-10-13,2020,10,13,4
653,2020-10-14,2020,10,14,4
654,2020-10-15,2020,10,15,4
655,2020-10-16,2020,10,16,4
656,2020-10-17,2020,10,17,4
657,2020-10-18,2020,10,18,4
658,2020-10-19,2020,10,19,4
659,2020-10-20,2020,10,20,4
660,2020-10-21,2020,10,21,4
661,2020-10-22,2020,10,22,4
662,2020-10-23,2020,10,23,4
663,2020-10-24,2020,10,24,4
664,2020-10-25,2020,10,25,4
665,2020-10-26,2020,10,26,4
666,2020-10-27,2020,10,27,4
667,2020-10-28,2020,10,28,4
668,2020-10-29,2020,10,29,4
669,2020-10-30,2020,10,30,4
670,2020-10-31,2020,10,31,4
671,2020-11-01,2020,11,1,4
672,2020-11-02,2020,11,2,4
673,2020-11-03,2020,11,3,4
674,2020-11-04,2020,11,4,4
675,2020-11-05,2020,11,5,4
676,2020-11-06,2020,11,6,4
677,2020-11-07,2020,11,7,4
678,2020-11-08,2020,11,8,4
679,2020-11-09,2020,11,9,4
680,2020-11-10,2020,11,10,4
681,2020-11-11,2020,11,11,4
682,2020-11-12,2020,11,12,4
683,2020-11-13,2020,11,13,4
684,2020-11-14,2020,11,14,4
685,2020-11-15,2020,11,15,4
686,2020-11-16,2020,11,16,4
687,2020-11-17,2020,11,17,4
688,2020-11-18,2020,11,18,4
689,2020-11-19,2020,11,19,4
690,2020-11-20,2020,11,20,4
691,2020-11-21,2020,11,21,4
692,2020-11-22,2020,11,22,4
693,2020-11-23,2020,11,23,4
694,2020-11-24,2020,11,24,4
695,2020-11-25,2020,11,25,4
696,2020-11-26,2020,11,26,4
697,2020-11-27,2020,11,27,4
698,2020-11-28,2020,11,28,4
699,2020-11-29,2020,11,29,4
700,2020-11-30,2020,11,30,4
701,2020-12-01,2020,12,1,4
702,2020-12-02,2020,12,2,4
703,2020-12-03,2020,12,3,4
704,2020-12-04,2020,12,4,4
705,2020-12-05,2020,12,5,4
706,2020-12-06,2020,12,6,4
707,2020-12-07,2020,12,7,4
708,2020-12-08,2020,12,8,4
709,2020-12-09,2020,12,9,4
710,2020-12-10,2020,12,10,4
711,2020-12-11,2020,12,11,4
712,2020-12-12,2020,12,12,4
713,2020-12-13,2020,12,13,4
714,2020-12-14,2020,12,14,4
715,2020-12-15,2020,12,15,4
716,2020-12-16,2020,12,16,4
717,2020-12-17,2020,12,17,4
718,2020-12-18,2020,12,18,4
719,2020-12-19,2020,12,19,4
720,2020-12-20,2020,12,20,4
721,2020-12-21,2020,12,21,4
722,2020-12-22,2020,12,22,4
723,2020-12-23,2020,12,23,4
724,2020-12-24,2020,12,24,4
725,2020-12-25,2020,12,25,4
726,2020-12-26,2020,12,26,4
727,2020-12-27,2020,12,27,4
728,2020-12-28,2020,12,28,4
729,2020-12-29,2020,12,29,4
730,2020-12-30,2020,12,30,4
731,2020-12-31,2020,12,31,4
732,2021-01-01,2021,1,1,1
733,2021-01-02,2021,1,2,1
734,2021-01-03,2021,1,3,1
735,2021-01-04,2021,1,4,1
736,2021-01-05,2021,1,5,1
737,2021-01-06,2021,1,6,1
738,2021-01-07,2021,1,7,1
739,2021-01-08,2021,1,8,1
740,2021-01-09,2021,1,9,1
741,2021-01-10,2021,1,10,1
742,2021-01-11,2021,1,11,1
743,2021-01-12,2021,1,12,1
744,2021-01-13,2021,1,13,1
745,2021-01-14,2021,1,14,1
746,2021-01-15,2021,1,15,1
747,2021-01-16,2021,1,16,1
748,2021-01-17,2021,1,17,1
749,2021-01-18,2021,1,18,1
750,2021-01-19,2021,1,19,1
751,2021-01-20,2021,1,20,1
752,2021-01-21,2021,1,21,1
753,2021-01-22,2021,1,22,1
754,2021-01-23,2021,1,23,1
755,2021-01-24,2021,1,24,1
756,2021-01-25,2021,1,25,1
757,2021-01-26,2021,1,26,1
758,2021-01-27,2021,1,27,1
759,2021-01-28,2021,1,28,1
760,2021-01-29,2021,1,29,1
761,2021-01-30,2021,1,30,1
762,2021-01-31,2021,1,31,1
763,2021-02-01,2021,2,1,1
764,2021-02-02,2021,2,2,1
765,2021-02-03,2021,2,3,1
766,2021-02-04,2021,2,4,1
767,2021-02-05,2021,2,5,1
768,2021-02-06,2021,2,6,1
769,2021-02-07,2021,2,7,1
770,2021-02-08,2021,2,8,1
771,2021-02-09,2021,2,9,1
772,2021-02-10,2021,2,10,1
773,2021-02-11,2021,2,11,1
774,2021-02-12,2021,2,12,1
775,2021-02-13,2021,2,13,1
776,2021-02-14,2021,2,14,1
777,2021-02-15,2021,2,15,1
778,2021-02-16,2021,2,16,1
779,2021-02-17,2021,2,17,1
780,2021-02-18,2021,2,18,1
781,2021-02-19,2021,2,19,1
782,2021-02-20,2021,2,20,1
783,2021-02-21,2021,2,21,1
784,2021-02-22,2021,2,22,1
785,2021-02-23,2021,2,23,1
786,2021-02-24,2021,2,24,1
787,2021-02-25,2021,2,25,1
788,2021-02-26,2021,2,26,1
789,2021-02-27,2021,2,27,1
790,2021-02-28,2021,2,28,1
791,2021-03-01,2021,3,1,1
792,2021-03-02,2021,3,2,1
793,2021-03-03,2021,3,3,1
794,2021-03-04,2021,3,4,1
795,2021-03-05,2021,3,5,1
796,2021-03-06,2021,3,6,1
797,2021-03-07,2021,3,7,1
798,2021-03-08,2021,3,8,1
799,2021-03-09,2021,3,9,1
800,2021-03-10,2021,3,10,1
801,2021-03-11,2021,3,11,1
802,2021-03-12,2021,3,12,1
803,2021-03-13,2021,3,13,1
804,2021-03-14,2021,3,14,1
805,2021-03-15,2021,3,15,1
806,2021-03-16,2021,3,16,1
807,2021-03-17,2021,3,17,1
808,2021-03-18,2021,3,18,1
809,2021-03-19,2021,3,19,1
810,2021-03-20,2021,3,20,1
811,2021-03-21,2021,3,21,1
812,2021-03-22,2021,3,22,1
813,2021-03-23,2021,3,23,1
814,2021-03-24,2021,3,24,1
815,2021-03-25,2021,3,25,1
816,2021-03-26,2021,3,26,1
817,2021-03-27,2021,3,27,1
818,2021-03-28,2021,3,28,1
819,2021-03-29,2021,3,29,1
820,2021-03-30,2021,3,30,1
821,2021-03-31,2021,3,31,1
822,2021-04-01,2021,4,1,2
823,2021-04-02,2021,4,2,2
824,2021-04-03,2021,4,3,2
825,2021-04-04,2021,4,4,2
826,2021-04-05,2021,4,5,2
827,2021-04-06,2021,4,6,2
828,2021-04-07,2021,4,7,2
829,2021-04-08,2021,4,8,2
830,2021-04-09,2021,4,9,2
831,2021-04-10,2021,4,10,2
832,2021-04-11,2021,4,11,2
833,2021-04-12,2021,4,12,2
834,2021-04-13,2021,4,13,2
835,2021-04-14,2021,4,14,2
836,2021-04-15,2021,4,15,2
837,2021-04-16,2021,4,16,2
838,2021-04-17,2021,4,17,2
839,2021-04-18,2021,4,18,2
840,2021-04-19,2021,4,19,2
841,2021-04-20,2021,4,20,2
842,2021-04-21,2021,4,21,2
843,2021-04-22,2021,4,22,2
844,2021-04-23,2021,4,23,2
845,2021-04-24,2021,4,24,2
846,2021-04-25,2021,4,25,2
847,2021-04-26,2021,4,26,2
848,2021-04-27,2021,4,27,2
849,2021-04-28,2021,4,28,2
850,2021-04-29,2021,4,29,2
851,2021-04-30,2021,4,30,2
852,2021-05-01,2021,5,1,2
853,2021-05-02,2021,5,2,2
854,2021-05-03,2021,5,3,2
855,2021-05-04,2021,5,4,2
856,2021-05-05,2021,5,5,2
857,2021-05-06,2021,5,6,2
858,2021-05-07,2021,5,7,2
859,2021-05-08,2021,5,8,2
860,2021-05-09,2021,5,9,2
861,2021-05-10,2021,5,10,2
862,2021-05-11,2021,5,11,2
863,2021-05-12,2021,5,12,2
864,2021-05-13,2021,5,13,2
865,2021-05-14,2021,5,14,2
866,2021-05-15,2021,5,15,2
867,2021-05-16,2021,5,16,2
868,2021-05-17,2021,5,17,2
869,2021-05-18,2021,5,18,2
870,2021-05-19,2021,5,19,2
871,2021-05-20,2021,5,20,2
872,2021-05-21,2021,5,21,2
873,2021-05-22,2021,5,22,2
874,2021-05-23,2021,5,23,2
875,2021-05-24,2021,5,24,2
876,2021-05-25,2021,5,25,2
877,2021-05-26,2021,5,26,2
878,2021-05-27,2021,5,27,2
879,2021-05-28,2021,5,28,2
880,2021-05-29,2021,5,29,2
881,2021-05-30,2021,5,30,2
882,2021-05-31,2021,5,31,2
883,2021-06-01,2021,6,1,2
884,2021-06-02,2021,6,2,2
885,2021-06-03,2021,6,3,2
886,2021-06-04,2021,6,4,2
887,2021-06-05,2021,6,5,2
888,2021-06-06,2021,6,6,2
889,2021-06-07,2021,6,7,2
890,2021-06-08,2021,6,8,2
891,2021-06-09,2021,6,9,2
892,2021-06-10,2021,6,10,2
893,2021-06-11,2021,6,11,2
894,2021-06-12,2021,6,12,2
895,2021-06-13,2021,6,13,2
896,2021-06-14,2021,6,14,2
897,2021-06-15,2021,6,15,2
898,2021-06-16,2021,6,16,2
899,2021-06-17,2021,6,17,2
900,2021-06-18,2021,6,18,2
901,2021-06-19,2021,6,19,2
902,2021-06-20,2021,6,20,2
903,2021-06-21,2021,6,21,2
904,2021-06-22,2021,6,22,2
905,2021-06-23,2021,6,23,2
906,2021-06-24,2021,6,24,2
907,2021-06-25,2021,6,25,2
908,2021-06-26,2021,6,26,2
909,2021-06-27,2021,6,27,2
910,2021-06-28,2021,6,28,2
911,2021-06-29,2021,6,29,2
912,2021-06-30,2021,6,30,2
913,2021-07-01,2021,7,1,3
914,2021-07-02,2021,7,2,3
915,2021-07-03,2021,7,3,3
916,2021-07-04,2021,7,4,3
917,2021-07-05,2021,7,5,3
918,2021-07-06,2021,7,6,3
919,2021-07-07,2021,7,7,3
920,2021-07-08,2021,7,8,3
921,2021-07-09,2021,7,9,3
922,2021-07-10,2021,7,10,3
923,2021-07-11,2021,7,11,3
924,2021-07-12,2021,7,12,3
925,2021-07-13,2021,7,13,3
926,2021-07-14,2021,7,14,3
927,2021-07-15,2021,7,15,3
928,2021-07-16,2021,7,16,3
929,2021-07-17,2021,7,17,3
930,2021-07-18,2021,7,18,3
931,2021-07-19,2021,7,19,3
932,2021-07-20,2021,7,20,3
933,2021-07-21,2021,7,21,3
934,2021-07-22,2021,7,22,3
935,2021-07-23,2021,7,23,3
936,2021-07-24,2021,7,24,3
937,2021-07-25,2021,7,25,3
938,2021-07-26,2021,7,26,3
939,2021-07-27,2021,7,27,3
940,2021-07-28,2021,7,28,3
941,2021-07-29,2021,7,29,3
942,2021-07-30,2021,7,30,3
943,2021-07-31,2021,7,31,3
944,2021-08-01,2021,8,1,3
945,2021-08-02,2021,8,2,3
946,2021-08-03,2021,8,3,3
947,2021-08-04,2021,8,4,3
948,2021-08-05,2021,8,5,3
949,2021-08-06,2021,8,6,3
950,2021-08-07,2021,8,7,3
951,2021-08-08,2021,8,8,3
952,2021-08-09,2021,8,9,3
953,2021-08-10,2021,8,10,3
954,2021-08-11,2021,8,11,3
955,2021-08-12,2021,8,12,3
956,2021-08-13,2021,8,13,3
957,2021-08-14,2021,8,14,3
958,2021-08-15,2021,8,15,3
959,2021-08-16,2021,8,16,3
960,2021-08-17,2021,8,17,3
961,2021-08-18,2021,8,18,3
962,2021-08-19,2021,8,19,3
963,2021-08-20,2021,8,20,3
964,2021-08-21,2021,8,21,3
965,2021-08-22,2021,8,22,3
966,2021-08-23,2021,8,23,3
967,2021-08-24,2021,8,24,3
968,2021-08-25,2021,8,25,3
969,2021-08-26,2021,8,26,3
970,2021-08-27,2021,8,27,3
971,2021-08-28,2021,8,28,3
972,2021-08-29,2021,8,29,3
973,2021-08-30,2021,8,30,3
974,2021-08-31,2021,8,31,3
975,2021-09-01,2021,9,1,3
976,2021-09-02,2021,9,2,3
977,2021-09-03,2021,9,3,3
978,2021-09-04,2021,9,4,3
979,2021-09-05,2021,9,5,3
980,2021-09-06,2021,9,6,3
981,2021-09-07,2021,9,7,3
982,2021-09-08,2021,9,8,3
983,2021-09-09,2021,9,9,3
984,2021-09-10,2021,9,10,3
985,2021-09-11,2021,9,11,3
986,2021-09-12,2021,9,12,3
987,2021-09-13,2021,9,13,3
988,2021-09-14,2021,9,14,3
989,2021-09-15,2021,9,15,3
990,2021-09-16,2021,9,16,3
991,2021-09-17,2021,9,17,3
992,2021-09-18,2021,9,18,3
993,2021-09-19,2021,9,19,3
994,2021-09-20,2021,9,20,3
995,2021-09-21,2021,9,21,3
996,2021-09-22,2021,9,22,3
997,2021-09-23,2021,9,23,3
998,2021-09-24,2021,9,24,3
999,2021-09-25,2021,9,25,3
1000,2021-09-26,2021,9,26,3
1001,2021-09-27,2021,9,27,3
1002,2021-09-28,2021,9,28,3
1003,2021-09-29,2021,9,29,3
1004,2021-09-30,2021,9,30,3
1005,2021-10-01,2021,10,1,4
1006,2021-10-02,2021,10,2,4
1007,2021-10-03,2021,10,3,4
1008,2021-10-04,2021,10,4,4
1009,2021-10-05,2021,10,5,4
1010,2021-10-06,2021,10,6,4
1011,2021-10-07,2021,10,7,4
1012,2021-10-08,2021,10,8,4
1013,2021-10-09,2021,10,9,4
1014,2021-10-10,2021,10,10,4
1015,2021-10-11,2021,10,11,4
1016,2021-10-12,2021,10,12,4
1017,2021-10-13,2021,10,13,4
1018,2021-10-14,2021,10,14,4
1019,2021-10-15,2021,10,15,4
1020,2021-10-16,2021,10,16,4
1021,2021-10-17,2021,10,17,4
1022,2021-10-18,2021,10,18,4
1023,2021-10-19,2021,10,19,4
1024,2021-10-20,2021,10,20,4
1025,2021-10-21,2021,10,21,4
1026,2021-10-22,2021,10,22,4
1027,2021-10-23,2021,10,23,4
1028,2021-10-24,2021,10,24,4
1029,2021-10-25,2021,10,25,4
1030,2021-10-26,2021,10,26,4
1031,2021-10-27,2021,10,27,4
1032,2021-10-28,2021,10,28,4
1033,2021-10-29,2021,10,29,4
1034,2021-10-30,2021,10,30,4
1035,2021-10-31,2021,10,31,4
1036,2021-11-01,2021,11,1,4
1037,2021-11-02,2021,11,2,4
1038,2021-11-03,2021,11,3,4
1039,2021-11-04,2021,11,4,4
1040,2021-11-05,2021,11,5,4
1041,2021-11-06,2021,11,6,4
1042,2021-11-07,2021,11,7,4
1043,2021-11-08,2021,11,8,4
1044,2021-11-09,2021,11,9,4
1045,2021-11-10,2021,11,10,4
1046,2021-11-11,2021,11,11,4
1047,2021-11-12,2021,11,12,4
1048,2021-11-13,2021,11,13,4
1049,2021-11-14,2021,11,14,4
1050,2021-11-15,2021,11,15,4
1051,2021-11-16,2021,11,16,4
1052,2021-11-17,2021,11,17,4
1053,2021-11-18,2021,11,18,4
1054,2021-11-19,2021,11,19,4
1055,2021-11-20,2021,11,20,4
1056,2021-11-21,2021,11,21,4
1057,2021-11-22,2021,11,22,4
1058,2021-11-23,2021,11,23,4
1059,2021-11-24,2021,11,24,4
1060,2021-11-25,2021,11,25,4
1061,2021-11-26,2021,11,26,4
1062,2021-11-27,2021,11,27,4
1063,2021-11-28,2021,11,28,4
1064,2021-11-29,2021,11,29,4
1065,2021-11-30,2021,11,30,4
1066,2021-12-01,2021,12,1,4
1067,2021-12-02,2021,12,2,4
1068,2021-12-03,2021,12,3,4
1069,2021-12-04,2021,12,4,4
1070,2021-12-05,2021,12,5,4
1071,2021-12-06,2021,12,6,4
1072,2021-12-07,2021,12,7,4
1073,2021-12-08,2021,12,8,4
1074,2021-12-09,2021,12,9,4
1075,2021-12-10,2021,12,10,4
1076,2021-12-11,2021,12,11,4
1077,2021-12-12,2021,12,12,4
1078,2021-12-13,2021,12,13,4
1079,2021-12-14,2021,12,14,4
1080,2021-12-15,2021,12,15,4
1081,2021-12-16,2021,12,16,4
1082,2021-12-17,2021,12,17,4
1083,2021-12-18,2021,12,18,4
1084,2021-12-19,2021,12,19,4
1085,2021-12-20,2021,12,20,4
1086,2021-12-21,2021,12,21,4
1087,2021-12-22,2021,12,22,4
1088,2021-12-23,2021,12,23,4
1089,2021-12-24,2021,12,24,4
1090,2021-12-25,2021,12,25,4
1091,2021-12-26,2021,12,26,4
1092,2021-12-27,2021,12,27,4
1093,2021-12-28,2021,12,28,4
1094,2021-12-29,2021,12,29,4
1095,2021-12-30,2021,12,30,4
1096,2021-12-31,2021,12,31,4
1097,2022-01-01,2022,1,1,1
1098,2022-01-02,2022,1,2,1
1099,2022-01-03,2022,1,3,1
1100,2022-01-04,2022,1,4,1
1101,2022-01-05,2022,1,5,1
1102,2022-01-06,2022,1,6,1
1103,2022-01-07,2022,1,7,1
1104,2022-01-08,2022,1,8,1
1105,2022-01-09,2022,1,9,1
1106,2022-01-10,2022,1,10,1
1107,2022-01-11,2022,1,11,1
1108,2022-01-12,2022,1,12,1
1109,2022-01-13,2022,1,13,1
1110,2022-01-14,2022,1,14,1
1111,2022-01-15,2022,1,15,1
1112,2022-01-16,2022,1,16,1
1113,2022-01-17,2022,1,17,1
1114,2022-01-18,2022,1,18,1
1115,2022-01-19,2022,1,19,1
1116,2022-01-20,2022,1,20,1
1117,2022-01-21,2022,1,21,1
1118,2022-01-22,2022,1,22,1
1119,2022-01-23,2022,1,23,1
1120,2022-01-24,2022,1,24,1
1121,2022-01-25,2022,1,25,1
1122,2022-01-26,2022,1,26,1
1123,2022-01-27,2022,1,27,1
1124,2022-01-28,2022,1,28,1
1125,2022-01-29,2022,1,29,1
1126,2022-01-30,2022,1,30,1
1127,2022-01-31,2022,1,31,1
1128,2022-02-01,2022,2,1,1
1129,2022-02-02,2022,2,2,1
1130,2022-02-03,2022,2,3,1
1131,2022-02-04,2022,2,4,1
1132,2022-02-05,2022,2,5,1
1133,2022-02-06,2022,2,6,1
1134,2022-02-07,2022,2,7,1
1135,2022-02-08,2022,2,8,1
1136,2022-02-09,2022,2,9,1
1137,2022-02-10,2022,2,10,1
1138,2022-02-11,2022,2,11,1
1139,2022-02-12,2022,2,12,1
1140,2022-02-13,2022,2,13,1
1141,2022-02-14,2022,2,14,1
1142,2022-02-15,2022,2,15,1
1143,2022-02-16,2022,2,16,1
1144,2022-02-17,2022,2,17,1
1145,2022-02-18,2022,2,18,1
1146,2022-02-19,2022,2,19,1
1147,2022-02-20,2022,2,20,1
1148,2022-02-21,2022,2,21,1
1149,2022-02-22,2022,2,22,1
1150,2022-02-23,2022,2,23,1
1151,2022-02-24,2022,2,24,1
1152,2022-02-25,2022,2,25,1
1153,2022-02-26,2022,2,26,1
1154,2022-02-27,2022,2,27,1
1155,2022-02-28,2022,2,28,1
1156,2022-03-01,2022,3,1,1
1157,2022-03-02,2022,3,2,1
1158,2022-03-03,2022,3,3,1
1159,2022-03-04,2022,3,4,1
1160,2022-03-05,2022,3,5,1
1161,2022-03-06,2022,3,6,1
1162,2022-03-07,2022,3,7,1
1163,2022-03-08,2022,3,8,1
1164,2022-03-09,2022,3,9,1
1165,2022-03-10,2022,3,10,1
1166,2022-03-11,2022,3,11,1
1167,2022-03-12,2022,3,12,1
1168,2022-03-13,2022,3,13,1
1169,2022-03-14,2022,3,14,1
1170,2022-03-15,2022,3,15,1
1171,2022-03-16,2022,3,16,1
1172,2022-03-17,2022,3,17,1
1173,2022-03-18,2022,3,18,1
1174,2022-03-19,2022,3,19,1
1175,2022-03-20,2022,3,20,1
1176,2022-03-21,2022,3,21,1
1177,2022-03-22,2022,3,22,1
1178,2022-03-23,2022,3,23,1
1179,2022-03-24,2022,3,24,1
1180,2022-03-25,2022,3,25,1
1181,2022-03-26,2022,3,26,1
1182,2022-03-27,2022,3,27,1
1183,2022-03-28,2022,3,28,1
1184,2022-03-29,2022,3,29,1
1185,2022-03-30,2022,3,30,1
1186,2022-03-31,2022,3,31,1
1187,2022-04-01,2022,4,1,2
1188,2022-04-02,2022,4,2,2
1189,2022-04-03,2022,4,3,2
1190,2022-04-04,2022,4,4,2
1191,2022-04-05,2022,4,5,2
1192,2022-04-06,2022,4,6,2
1193,2022-04-07,2022,4,7,2
1194,2022-04-08,2022,4,8,2
1195,2022-04-09,2022,4,9,2
1196,2022-04-10,2022,4,10,2
1197,2022-04-11,2022,4,11,2
1198,2022-04-12,2022,4,12,2
1199,2022-04-13,2022,4,13,2
1200,2022-04-14,2022,4,14,2
1201,2022-04-15,2022,4,15,2
1202,2022-04-16,2022,4,16,2
1203,2022-04-17,2022,4,17,2
1204,2022-04-18,2022,4,18,2
1205,2022-04-19,2022,4,19,2
1206,2022-04-20,2022,4,20,2
1207,2022-04-21,2022,4,21,2
1208,2022-04-22,2022,4,22,2
1209,2022-04-23,2022,4,23,2
1210,2022-04-24,2022,4,24,2
1211,2022-04-25,2022,4,25,2
1212,2022-04-26,2022,4,26,2
1213,2022-04-27,2022,4,27,2
1214,2022-04-28,2022,4,28,2
1215,2022-04-29,2022,4,29,2
1216,2022-04-30,2022,4,30,2
1217,2022-05-01,2022,5,1,2
1218,2022-05-02,2022,5,2,2
1219,2022-05-03,2022,5,3,2
1220,2022-05-04,2022,5,4,2
1221,2022-05-05,2022,5,5,2
1222,2022-05-06,2022,5,6,2
1223,2022-05-07,2022,5,7,2
1224,2022-05-08,2022,5,8,2
1225,2022-05-09,2022,5,9,2
1226,2022-05-10,2022,5,10,2
1227,2022-05-11,2022,5,11,2
1228,2022-05-12,2022,5,12,2
1229,2022-05-13,2022,5,13,2
1230,2022-05-14,2022,5,14,2
1231,2022-05-15,2022,5,15,2
1232,2022-05-16,2022,5,16,2
1233,2022-05-17,2022,5,17,2
1234,2022-05-18,2022,5,18,2
1235,2022-05-19,2022,5,19,2
1236,2022-05-20,2022,5,20,2
1237,2022-05-21,2022,5,21,2
1238,2022-05-22,2022,5,22,2
1239,2022-05-23,2022,5,23,2
1240,2022-05-24,2022,5,24,2
1241,2022-05-25,2022,5,25,2
1242,2022-05-26,2022,5,26,2
1243,2022-05-27,2022,5,27,2
1244,2022-05-28,2022,5,28,2
1245,2022-05-29,2022,5,29,2
1246,2022-05-30,2022,5,30,2
1247,2022-05-31,2022,5,31,2
1248,2022-06-01,2022,6,1,2
1249,2022-06-02,2022,6,2,2
1250,2022-06-03,2022,6,3,2
1251,2022-06-04,2022,6,4,2
1252,2022-06-05,2022,6,5,2
1253,2022-06-06,2022,6,6,2
1254,2022-06-07,2022,6,7,2
1255,2022-06-08,2022,6,8,2
1256,2022-06-09,2022,6,9,2
1257,2022-06-10,2022,6,10,2
1258,2022-06-11,2022,6,11,2
1259,2022-06-12,2022,6,12,2
1260,2022-06-13,2022,6,13,2
1261,2022-06-14,2022,6,14,2
1262,2022-06-15,2022,6,15,2
1263,2022-06-16,2022,6,16,2
1264,2022-06-17,2022,6,17,2
1265,2022-06-18,2022,6,18,2
1266,2022-06-19,2022,6,19,2
1267,2022-06-20,2022,6,20,2
1268,2022-06-21,2022,6,21,2
1269,2022-06-22,2022,6,22,2
1270,2022-06-23,2022,6,23,2
1271,2022-06-24,2022,6,24,2
1272,2022-06-25,2022,6,25,2
1273,2022-06-26,2022,6,26,2
1274,2022-06-27,2022,6,27,2
1275,2022-06-28,2022,6,28,2
1276,2022-06-29,2022,6,29,2
1277,2022-06-30,2022,6,30,2
1278,2022-07-01,2022,7,1,3
1279,2022-07-02,2022,7,2,3
1280,2022-07-03,2022,7,3,3
1281,2022-07-04,2022,7,4,3
1282,2022-07-05,2022,7,5,3
1283,2022-07-06,2022,7,6,3
1284,2022-07-07,2022,7,7,3
1285,2022-07-08,2022,7,8,3
1286,2022-07-09,2022,7,9,3
1287,2022-07-10,2022,7,10,3
1288,2022-07-11,2022,7,11,3
1289,2022-07-12,2022,7,12,3
1290,2022-07-13,2022,7,13,3
1291,2022-07-14,2022,7,14,3
1292,2022-07-15,2022,7,15,3
1293,2022-07-16,2022,7,16,3
1294,2022-07-17,2022,7,17,3
1295,2022-07-18,2022,7,18,3
1296,2022-07-19,2022,7,19,3
1297,2022-07-20,2022,7,20,3
1298,2022-07-21,2022,7,21,3
1299,2022-07-22,2022,7,22,3
1300,2022-07-23,2022,7,23,3
1301,2022-07-24,2022,7,24,3
1302,2022-07-25,2022,7,25,3
1303,2022-07-26,2022,7,26,3
1304,2022-07-27,2022,7,27,3
1305,2022-07-28,2022,7,28,3
1306,2022-07-29,2022,7,29,3
1307,2022-07-30,2022,7,30,3
1308,2022-07-31,2022,7,31,3
1309,2022-08-01,2022,8,1,3
1310,2022-08-02,2022,8,2,3
1311,2022-08-03,2022,8,3,3
1312,2022-08-04,2022,8,4,3
1313,2022-08-05,2022,8,5,3
1314,2022-08-06,2022,8,6,3
1315,2022-08-07,2022,8,7,3
1316,2022-08-08,2022,8,8,3
1317,2022-08-09,2022,8,9,3
1318,2022-08-10,2022,8,10,3
1319,2022-08-11,2022,8,11,3
1320,2022-08-12,2022,8,12,3
1321,2022-08-13,2022,8,13,3
1322,2022-08-14,2022,8,14,3
1323,2022-08-15,2022,8,15,3
1324,2022-08-16,2022,8,16,3
1325,2022-08-17,2022,8,17,3
1326,2022-08-18,2022,8,18,3
1327,2022-08-19,2022,8,19,3
1328,2022-08-20,2022,8,20,3
1329,2022-08-21,2022,8,21,3
1330,2022-08-22,2022,8,22,3
1331,2022-08-23,2022,8,23,3
1332,2022-08-24,2022,8,24,3
1333,2022-08-25,2022,8,25,3
1334,2022-08-26,2022,8,26,3
1335,2022-08-27,2022,8,27,3
1336,2022-08-28,2022,8,28,3
1337,2022-08-29,2022,8,29,3
1338,2022-08-30,2022,8,30,3
1339,2022-08-31,2022,8,31,3
1340,2022-09-01,2022,9,1,3
1341,2022-09-02,2022,9,2,3
1342,2022-09-03,2022,9,3,3
1343,2022-09-04,2022,9,4,3
1344,2022-09-05,2022,9,5,3
1345,2022-09-06,2022,9,6,3
1346,2022-09-07,2022,9,7,3
1347,2022-09-08,2022,9,8,3
1348,2022-09-09,2022,9,9,3
1349,2022-09-10,2022,9,10,3
1350,2022-09-11,2022,9,11,3
1351,2022-09-12,2022,9,12,3
1352,2022-09-13,2022,9,13,3
1353,2022-09-14,2022,9,14,3
1354,2022-09-15,2022,9,15,3
1355,2022-09-16,2022,9,16,3
1356,2022-09-17,2022,9,17,3
1357,2022-09-18,2022,9,18,3
1358,2022-09-19,2022,9,19,3
1359,2022-09-20,2022,9,20,3
1360,2022-09-21,2022,9,21,3
1361,2022-09-22,2022,9,22,3
1362,2022-09-23,2022,9,23,3
1363,2022-09-24,2022,9,24,3
1364,2022-09-25,2022,9,25,3
1365,2022-09-26,2022,9,26,3
1366,2022-09-27,2022,9,27,3
1367,2022-09-28,2022,9,28,3
1368,2022-09-29,2022,9,29,3
1369,2022-09-30,2022,9,30,3
1370,2022-10-01,2022,10,1,4
1371,2022-10-02,2022,10,2,4
1372,2022-10-03,2022,10,3,4
1373,2022-10-04,2022,10,4,4
1374,2022-10-05,2022,10,5,4
1375,2022-10-06,2022,10,6,4
1376,2022-10-07,2022,10,7,4
1377,2022-10-08,2022,10,8,4
1378,2022-10-09,2022,10,9,4
1379,2022-10-10,2022,10,10,4
1380,2022-10-11,2022,10,11,4
1381,2022-10-12,2022,10,12,4
1382,2022-10-13,2022,10,13,4
1383,2022-10-14,2022,10,14,4
1384,2022-10-15,2022,10,15,4
1385,2022-10-16,2022,10,16,4
1386,2022-10-17,2022,10,17,4
1387,2022-10-18,2022,10,18,4
1388,2022-10-19,2022,10,19,4
1389,2022-10-20,2022,10,20,4
1390,2022-10-21,2022,10,21,4
1391,2022-10-22,2022,10,22,4
1392,2022-10-23,2022,10,23,4
1393,2022-10-24,2022,10,24,4
1394,2022-10-25,2022,10,25,4
1395,2022-10-26,2022,10,26,4
1396,2022-10-27,2022,10,27,4
1397,2022-10-28,2022,10,28,4
1398,2022-10-29,2022,10,29,4
1399,2022-10-30,2022,10,30,4
1400,2022-10-31,2022,10,31,4
1401,2022-11-01,2022,11,1,4
1402,2022-11-02,2022,11,2,4
1403,2022-11-03,2022,11,3,4
1404,2022-11-04,2022,11,4,4
1405,2022-11-05,2022,11,5,4
1406,2022-11-06,2022,11,6,4
1407,2022-11-07,2022,11,7,4
1408,2022-11-08,2022,11,8,4
1409,2022-11-09,2022,11,9,4
1410,2022-11-10,2022,11,10,4
1411,2022-11-11,2022,11,11,4
1412,2022-11-12,2022,11,12,4
1413,2022-11-13,2022,11,13,4
1414,2022-11-14,2022,11,14,4
1415,2022-11-15,2022,11,15,4
1416,2022-11-16,2022,11,16,4
1417,2022-11-17,2022,11,17,4
1418,2022-11-18,2022,11,18,4
1419,2022-11-19,2022,11,19,4
1420,2022-11-20,2022,11,20,4
1421,2022-11-21,2022,11,21,4
1422,2022-11-22,2022,11,22,4
1423,2022-11-23,2022,11,23,4
1424,2022-11-24,2022,11,24,4
1425,2022-11-25,2022,11,25,4
1426,2022-11-26,2022,11,26,4
1427,2022-11-27,2022,11,27,4
1428,2022-11-28,2022,11,28,4
1429,2022-11-29,2022,11,29,4
1430,2022-11-30,2022,11,30,4
1431,2022-12-01,2022,12,1,4
1432,2022-12-02,2022,12,2,4
1433,2022-12-03,2022,12,3,4
1434,2022-12-04,2022,12,4,4
1435,2022-12-05,2022,12,5,4
1436,2022-12-06,2022,12,6,4
1437,2022-12-07,2022,12,7,4
1438,2022-12-08,2022,12,8,4
1439,2022-12-09,2022,12,9,4
1440,2022-12-10,2022,12,10,4
1441,2022-12-11,2022,12,11,4
1442,2022-12-12,2022,12,12,4
1443,2022-12-13,2022,12,13,4
1444,2022-12-14,2022,12,14,4
1445,2022-12-15,2022,12,15,4
1446,2022-12-16,2022,12,16,4
1447,2022-12-17,2022,12,17,4
1448,2022-12-18,2022,12,18,4
1449,2022-12-19,2022,12,19,4
1450,2022-12-20,2022,12,20,4
1451,2022-12-21,2022,12,21,4
1452,2022-12-22,2022,12,22,4
1453,2022-12-23,2022,12,23,4
1454,2022-12-24,2022,12,24,4
1455,2022-12-25,2022,12,25,4
1456,2022-12-26,2022,12,26,4
1457,2022-12-27,2022,12,27,4
1458,2022-12-28,2022,12,28,4
1459,2022-12-29,2022,12,29,4
1460,2022-12-30,2022,12,30,4
1461,2022-12-31,2022,12,31,4
1462,2023-01-01,2023,1,1,1
1463,2023-01-02,2023,1,2,1
1464,2023-01-03,2023,1,3,1
1465,2023-01-04,2023,1,4,1
1466,2023-01-05,2023,1,5,1
1467,2023-01-06,2023,1,6,1
1468,2023-01-07,2023,1,7,1
1469,2023-01-08,2023,1,8,1
1470,2023-01-09,2023,1,9,1
1471,2023-01-10,2023,1,10,1
1472,2023-01-11,2023,1,11,1
1473,2023-01-12,2023,1,12,1
1474,2023-01-13,2023,1,13,1
1475,2023-01-14,2023,1,14,1
1476,2023-01-15,2023,1,15,1
1477,2023-01-16,2023,1,16,1
1478,2023-01-17,2023,1,17,1
1479,2023-01-18,2023,1,18,1
1480,2023-01-19,2023,1,19,1
1481,2023-01-20,2023,1,20,1
1482,2023-01-21,2023,1,21,1
1483,2023-01-22,2023,1,22,1
1484,2023-01-23,2023,1,23,1
1485,2023-01-24,2023,1,24,1
1486,2023-01-25,2023,1,25,1
1487,2023-01-26,2023,1,26,1
1488,2023-01-27,2023,1,27,1
1489,2023-01-28,2023,1,28,1
1490,2023-01-29,2023,1,29,1
1491,2023-01-30,2023,1,30,1
1492,2023-01-31,2023,1,31,1
1493,2023-02-01,2023,2,1,1
1494,2023-02-02,2023,2,2,1
1495,2023-02-03,2023,2,3,1
1496,2023-02-04,2023,2,4,1
1497,2023-02-05,2023,2,5,1
1498,2023-02-06,2023,2,6,1
1499,2023-02-07,2023,2,7,1
1500,2023-02-08,2023,2,8,1
1501,2023-02-09,2023,2,9,1
1502,2023-02-10,2023,2,10,1
1503,2023-02-11,2023,2,11,1
1504,2023-02-12,2023,2,12,1
1505,2023-02-13,2023,2,13,1
1506,2023-02-14,2023,2,14,1
1507,2023-02-15,2023,2,15,1
1508,2023-02-16,2023,2,16,1
1509,2023-02-17,2023,2,17,1
1510,2023-02-18,2023,2,18,1
1511,2023-02-19,2023,2,19,1
1512,2023-02-20,2023,2,20,1
1513,2023-02-21,2023,2,21,1
1514,2023-02-22,2023,2,22,1
1515,2023-02-23,2023,2,23,1
1516,2023-02-24,2023,2,24,1
1517,2023-02-25,2023,2,25,1
1518,2023-02-26,2023,2,26,1
1519,2023-02-27,2023,2,27,1
1520,2023-02-28,2023,2,28,1
1521,2023-03-01,2023,3,1,1
1522,2023-03-02,2023,3,2,1
1523,2023-03-03,2023,3,3,1
1524,2023-03-04,2023,3,4,1
1525,2023-03-05,2023,3,5,1
1526,2023-03-06,2023,3,6,1
1527,2023-03-07,2023,3,7,1
1528,2023-03-08,2023,3,8,1
1529,2023-03-09,2023,3,9,1
1530,2023-03-10,2023,3,10,1
1531,2023-03-11,2023,3,11,1
1532,2023-03-12,2023,3,12,1
1533,2023-03-13,2023,3,13,1
1534,2023-03-14,2023,3,14,1
1535,2023-03-15,2023,3,15,1
1536,2023-03-16,2023,3,16,1
1537,2023-03-17,2023,3,17,1
1538,2023-03-18,2023,3,18,1
1539,2023-03-19,2023,3,19,1
1540,2023-03-20,2023,3,20,1
1541,2023-03-21,2023,3,21,1
1542,2023-03-22,2023,3,22,1
1543,2023-03-23,2023,3,23,1
1544,2023-03-24,2023,3,24,1
1545,2023-03-25,2023,3,25,1
1546,2023-03-26,2023,3,26,1
1547,2023-03-27,2023,3,27,1
1548,2023-03-28,2023,3,28,1
1549,2023-03-29,2023,3,29,1
1550,2023-03-30,2023,3,30,1
1551,2023-03-31,2023,3,31,1
1552,2023-04-01,2023,4,1,2
1553,2023-04-02,2023,4,2,2
1554,2023-04-03,2023,4,3,2
1555,2023-04-04,2023,4,4,2
1556,2023-04-05,2023,4,5,2
1557,2023-04-06,2023,4,6,2
1558,2023-04-07,2023,4,7,2
1559,2023-04-08,2023,4,8,2
1560,2023-04-09,2023,4,9,2
1561,2023-04-10,2023,4,10,2
1562,2023-04-11,2023,4,11,2
1563,2023-04-12,2023,4,12,2
1564,2023-04-13,2023,4,13,2
1565,2023-04-14,2023,4,14,2
1566,2023-04-15,2023,4,15,2
1567,2023-04-16,2023,4,16,2
1568,2023-04-17,2023,4,17,2
1569,2023-04-18,2023,4,18,2
1570,2023-04-19,2023,4,19,2
1571,2023-04-20,2023,4,20,2
1572,2023-04-21,2023,4,21,2
1573,2023-04-22,2023,4,22,2
1574,2023-04-23,2023,4,23,2
1575,2023-04-24,2023,4,24,2
1576,2023-04-25,2023,4,25,2
1577,2023-04-26,2023,4,26,2
1578,2023-04-27,2023,4,27,2
1579,2023-04-28,2023,4,28,2
1580,2023-04-29,2023,4,29,2
1581,2023-04-30,2023,4,30,2
1582,2023-05-01,2023,5,1,2
1583,2023-05-02,2023,5,2,2
1584,2023-05-03,2023,5,3,2
1585,2023-05-04,2023,5,4,2
1586,2023-05-05,2023,5,5,2
1587,2023-05-06,2023,5,6,2
1588,2023-05-07,2023,5,7,2
1589,2023-05-08,2023,5,8,2
1590,2023-05-09,2023,5,9,2
1591,2023-05-10,2023,5,10,2
1592,2023-05-11,2023,5,11,2
1593,2023-05-12,2023,5,12,2
1594,2023-05-13,2023,5,13,2
1595,2023-05-14,2023,5,14,2
1596,2023-05-15,2023,5,15,2
1597,2023-05-16,2023,5,16,2
1598,2023-05-17,2023,5,17,2
1599,2023-05-18,2023,5,18,2
1600,2023-05-19,2023,5,19,2
1601,2023-05-20,2023,5,20,2
1602,2023-05-21,2023,5,21,2
1603,2023-05-22,2023,5,22,2
1604,2023-05-23,2023,5,23,2
1605,2023-05-24,2023,5,24,2
1606,2023-05-25,2023,5,25,2
1607,2023-05-26,2023,5,26,2
1608,2023-05-27,2023,5,27,2
1609,2023-05-28,2023,5,28,2
1610,2023-05-29,2023,5,29,2
1611,2023-05-30,2023,5,30,2
1612,2023-05-31,2023,5,31,2
1613,2023-06-01,2023,6,1,2
1614,2023-06-02,2023,6,2,2
1615,2023-06-03,2023,6,3,2
1616,2023-06-04,2023,6,4,2
1617,2023-06-05,2023,6,5,2
1618,2023-06-06,2023,6,6,2
1619,2023-06-07,2023,6,7,2
1620,2023-06-08,2023,6,8,2
1621,2023-06-09,2023,6,9,2
1622,2023-06-10,2023,6,10,2
1623,2023-06-11,2023,6,11,2
1624,2023-06-12,2023,6,12,2
1625,2023-06-13,2023,6,13,2
1626,2023-06-14,2023,6,14,2
1627,2023-06-15,2023,6,15,2
1628,2023-06-16,2023,6,16,2
1629,2023-06-17,2023,6,17,2
1630,2023-06-18,2023,6,18,2
1631,2023-06-19,2023,6,19,2
1632,2023-06-20,2023,6,20,2
1633,2023-06-21,2023,6,21,2
1634,2023-06-22,2023,6,22,2
1635,2023-06-23,2023,6,23,2
1636,2023-06-24,2023,6,24,2
1637,2023-06-25,2023,6,25,2
1638,2023-06-26,2023,6,26,2
1639,2023-06-27,2023,6,27,2
1640,2023-06-28,2023,6,28,2
1641,2023-06-29,2023,6,29,2
1642,2023-06-30,2023,6,30,2
1643,2023-07-01,2023,7,1,3
1644,2023-07-02,2023,7,2,3
1645,2023-07-03,2023,7,3,3
1646,2023-07-04,2023,7,4,3
1647,2023-07-05,2023,7,5,3
1648,2023-07-06,2023,7,6,3
1649,2023-07-07,2023,7,7,3
1650,2023-07-08,2023,7,8,3
1651,2023-07-09,2023,7,9,3
1652,2023-07-10,2023,7,10,3
1653,2023-07-11,2023,7,11,3
1654,2023-07-12,2023,7,12,3
1655,2023-07-13,2023,7,13,3
1656,2023-07-14,2023,7,14,3
1657,2023-07-15,2023,7,15,3
1658,2023-07-16,2023,7,16,3
1659,2023-07-17,2023,7,17,3
1660,2023-07-18,2023,7,18,3
1661,2023-07-19,2023,7,19,3
1662,2023-07-20,2023,7,20,3
1663,2023-07-21,2023,7,21,3
1664,2023-07-22,2023,7,22,3
1665,2023-07-23,2023,7,23,3
1666,2023-07-24,2023,7,24,3
1667,2023-07-25,2023,7,25,3
1668,2023-07-26,2023,7,26,3
1669,2023-07-27,2023,7,27,3
1670,2023-07-28,2023,7,28,3
1671,2023-07-29,2023,7,29,3
1672,2023-07-30,2023,7,30,3
1673,2023-07-31,2023,7,31,3
1674,2023-08-01,2023,8,1,3
1675,2023-08-02,2023,8,2,3
1676,2023-08-03,2023,8,3,3
1677,2023-08-04,2023,8,4,3
1678,2023-08-05,2023,8,5,3
1679,2023-08-06,2023,8,6,3
1680,2023-08-07,2023,8,7,3
1681,2023-08-08,2023,8,8,3
1682,2023-08-09,2023,8,9,3
1683,2023-08-10,2023,8,10,3
1684,2023-08-11,2023,8,11,3
1685,2023-08-12,2023,8,12,3
1686,2023-08-13,2023,8,13,3
1687,2023-08-14,2023,8,14,3
1688,2023-08-15,2023,8,15,3
1689,2023-08-16,2023,8,16,3
1690,2023-08-17,2023,8,17,3
1691,2023-08-18,2023,8,18,3
1692,2023-08-19,2023,8,19,3
1693,2023-08-20,2023,8,20,3
1694,2023-08-21,2023,8,21,3
1695,2023-08-22,2023,8,22,3
1696,2023-08-23,2023,8,23,3
1697,2023-08-24,2023,8,24,3
1698,2023-08-25,2023,8,25,3
1699,2023-08-26,2023,8,26,3
1700,2023-08-27,2023,8,27,3
1701,2023-08-28,2023,8,28,3
1702,2023-08-29,2023,8,29,3
1703,2023-08-30,2023,8,30,3
1704,2023-08-31,2023,8,31,3
1705,2023-09-01,2023,9,1,3
1706,2023-09-02,2023,9,2,3
1707,2023-09-03,2023,9,3,3
1708,2023-09-04,2023,9,4,3
1709,2023-09-05,2023,9,5,3
1710,2023-09-06,2023,9,6,3
1711,2023-09-07,2023,9,7,3
1712,2023-09-08,2023,9,8,3
1713,2023-09-09,2023,9,9,3
1714,2023-09-10,2023,9,10,3
1715,2023-09-11,2023,9,11,3
1716,2023-09-12,2023,9,12,3
1717,2023-09-13,2023,9,13,3
1718,2023-09-14,2023,9,14,3
1719,2023-09-15,2023,9,15,3
1720,2023-09-16,2023,9,16,3
1721,2023-09-17,2023,9,17,3
1722,2023-09-18,2023,9,18,3
1723,2023-09-19,2023,9,19,3
1724,2023-09-20,2023,9,20,3
1725,2023-09-21,2023,9,21,3
1726,2023-09-22,2023,9,22,3
1727,2023-09-23,2023,9,23,3
1728,2023-09-24,2023,9,24,3
1729,2023-09-25,2023,9,25,3
1730,2023-09-26,2023,9,26,3
1731,2023-09-27,2023,9,27,3
1732,2023-09-28,2023,9,28,3
1733,2023-09-29,2023,9,29,3
1734,2023-09-30,2023,9,30,3
1735,2023-10-01,2023,10,1,4
1736,2023-10-02,2023,10,2,4
1737,2023-10-03,2023,10,3,4
1738,2023-10-04,2023,10,4,4
1739,2023-10-05,2023,10,5,4
1740,2023-10-06,2023,10,6,4
1741,2023-10-07,2023,10,7,4
1742,2023-10-08,2023,10,8,4
1743,2023-10-09,2023,10,9,4
1744,2023-10-10,2023,10,10,4
1745,2023-10-11,2023,10,11,4
1746,2023-10-12,2023,10,12,4
1747,2023-10-13,2023,10,13,4
1748,2023-10-14,2023,10,14,4
1749,2023-10-15,2023,10,15,4
1750,2023-10-16,2023,10,16,4
1751,2023-10-17,2023,10,17,4
1752,2023-10-18,2023,10,18,4
1753,2023-10-19,2023,10,19,4
1754,2023-10-20,2023,10,20,4
1755,2023-10-21,2023,10,21,4
1756,2023-10-22,2023,10,22,4
1757,2023-10-23,2023,10,23,4
1758,2023-10-24,2023,10,24,4
1759,2023-10-25,2023,10,25,4
1760,2023-10-26,2023,10,26,4
1761,2023-10-27,2023,10,27,4
1762,2023-10-28,2023,10,28,4
1763,2023-10-29,2023,10,29,4
1764,2023-10-30,2023,10,30,4
1765,2023-10-31,2023,10,31,4
1766,2023-11-01,2023,11,1,4
1767,2023-11-02,2023,11,2,4
1768,2023-11-03,2023,11,3,4
1769,2023-11-04,2023,11,4,4
1770,2023-11-05,2023,11,5,4
1771,2023-11-06,2023,11,6,4
1772,2023-11-07,2023,11,7,4
1773,2023-11-08,2023,11,8,4
1774,2023-11-09,2023,11,9,4
1775,2023-11-10,2023,11,10,4
1776,2023-11-11,2023,11,11,4
1777,2023-11-12,2023,11,12,4
1778,2023-11-13,2023,11,13,4
1779,2023-11-14,2023,11,14,4
1780,2023-11-15,2023,11,15,4
1781,2023-11-16,2023,11,16,4
1782,2023-11-17,2023,11,17,4
1783,2023-11-18,2023,11,18,4
1784,2023-11-19,2023,11,19,4
1785,2023-11-20,2023,11,20,4
1786,2023-11-21,2023,11,21,4
1787,2023-11-22,2023,11,22,4
1788,2023-11-23,2023,11,23,4
1789,2023-11-24,2023,11,24,4
1790,2023-11-25,2023,11,25,4
1791,2023-11-26,2023,11,26,4
1792,2023-11-27,2023,11,27,4
1793,2023-11-28,2023,11,28,4
1794,2023-11-29,2023,11,29,4
1795,2023-11-30,2023,11,30,4
1796,2023-12-01,2023,12,1,4
1797,2023-12-02,2023,12,2,4
1798,2023-12-03,2023,12,3,4
1799,2023-12-04,2023,12,4,4
1800,2023-12-05,2023,12,5,4
1801,2023-12-06,2023,12,6,4
1802,2023-12-07,2023,12,7,4
1803,2023-12-08,2023,12,8,4
1804,2023-12-09,2023,12,9,4
1805,2023-12-10,2023,12,10,4
1806,2023-12-11,2023,12,11,4
1807,2023-12-12,2023,12,12,4
1808,2023-12-13,2023,12,13,4
1809,2023-12-14,2023,12,14,4
1810,2023-12-15,2023,12,15,4
1811,2023-12-16,2023,12,16,4
1812,2023-12-17,2023,12,17,4
1813,2023-12-18,2023,12,18,4
1814,2023-12-19,2023,12,19,4
1815,2023-12-20,2023,12,20,4
1816,2023-12-21,2023,12,21,4
1817,2023-12-22,2023,12,22,4
1818,2023-12-23,2023,12,23,4
1819,2023-12-24,2023,12,24,4
1820,2023-12-25,2023,12,25,4
1821,2023-12-26,2023,12,26,4
1822,2023-12-27,2023,12,27,4
1823,2023-12-28,2023,12,28,4
1824,2023-12-29,2023,12,29,4
1825,2023-12-30,2023,12,30,4
1826,2023-12-31,2023,12,31,4
1827,2024-01-01,2024,1,1,1
1828,2024-01-02,2024,1,2,1
1829,2024-01-03,2024,1,3,1
1830,2024-01-04,2024,1,4,1
1831,2024-01-05,2024,1,5,1
1832,2024-01-06,2024,1,6,1
1833,2024-01-07,2024,1,7,1
1834,2024-01-08,2024,1,8,1
1835,2024-01-09,2024,1,9,1
1836,2024-01-10,2024,1,10,1
1837,2024-01-11,2024,1,11,1
1838,2024-01-12,2024,1,12,1
1839,2024-01-13,2024,1,13,1
1840,2024-01-14,2024,1,14,1
1841,2024-01-15,2024,1,15,1
1842,2024-01-16,2024,1,16,1
1843,2024-01-17,2024,1,17,1
1844,2024-01-18,2024,1,18,1
1845,2024-01-19,2024,1,19,1
1846,2024-01-20,2024,1,20,1
1847,2024-01-21,2024,1,21,1
1848,2024-01-22,2024,1,22,1
1849,2024-01-23,2024,1,23,1
1850,2024-01-24,2024,1,24,1
1851,2024-01-25,2024,1,25,1
1852,2024-01-26,2024,1,26,1
1853,2024-01-27,2024,1,27,1
1854,2024-01-28,2024,1,28,1
1855,2024-01-29,2024,1,29,1
1856,2024-01-30,2024,1,30,1
1857,2024-01-31,2024,1,31,1
1858,2024-02-01,2024,2,1,1
1859,2024-02-02,2024,2,2,1
1860,2024-02-03,2024,2,3,1
1861,2024-02-04,2024,2,4,1
1862,2024-02-05,2024,2,5,1
1863,2024-02-06,2024,2,6,1
1864,2024-02-07,2024,2,7,1
1865,2024-02-08,2024,2,8,1
1866,2024-02-09,2024,2,9,1
1867,2024-02-10,2024,2,10,1
1868,2024-02-11,2024,2,11,1
1869,2024-02-12,2024,2,12,1
1870,2024-02-13,2024,2,13,1
1871,2024-02-14,2024,2,14,1
1872,2024-02-15,2024,2,15,1
1873,2024-02-16,2024,2,16,1
1874,2024-02-17,2024,2,17,1
1875,2024-02-18,2024,2,18,1
1876,2024-02-19,2024,2,19,1
1877,2024-02-20,2024,2,20,1
1878,2024-02-21,2024,2,21,1
1879,2024-02-22,2024,2,22,1
1880,2024-02-23,2024,2,23,1
1881,2024-02-24,2024,2,24,1
1882,2024-02-25,2024,2,25,1
1883,2024-02-26,2024,2,26,1
1884,2024-02-27,2024,2,27,1
1885,2024-02-28,2024,2,28,1
1886,2024-02-29,2024,2,29,1
1887,2024-03-01,2024,3,1,1
1888,2024-03-02,2024,3,2,1
1889,2024-03-03,2024,3,3,1
1890,2024-03-04,2024,3,4,1
1891,2024-03-05,2024,3,5,1
1892,2024-03-06,2024,3,6,1
1893,2024-03-07,2024,3,7,1
1894,2024-03-08,2024,3,8,1
1895,2024-03-09,2024,3,9,1
1896,2024-03-10,2024,3,10,1
1897,2024-03-11,2024,3,11,1
1898,2024-03-12,2024,3,12,1
1899,2024-03-13,2024,3,13,1
1900,2024-03-14,2024,3,14,1
1901,2024-03-15,2024,3,15,1
1902,2024-03-16,2024,3,16,1
1903,2024-03-17,2024,3,17,1
1904,2024-03-18,2024,3,18,1
1905,2024-03-19,2024,3,19,1
1906,2024-03-20,2024,3,20,1
1907,2024-03-21,2024,3,21,1
1908,2024-03-22,2024,3,22,1
1909,2024-03-23,2024,3,23,1
1910,2024-03-24,2024,3,24,1
1911,2024-03-25,2024,3,25,1
1912,2024-03-26,2024,3,26,1
1913,2024-03-27,2024,3,27,1
1914,2024-03-28,2024,3,28,1
1915,2024-03-29,2024,3,29,1
1916,2024-03-30,2024,3,30,1
1917,2024-03-31,2024,3,31,1
1918,2024-04-01,2024,4,1,2
1919,2024-04-02,2024,4,2,2
1920,2024-04-03,2024,4,3,2
1921,2024-04-04,2024,4,4,2
1922,2024-04-05,2024,4,5,2
1923,2024-04-06,2024,4,6,2
1924,2024-04-07,2024,4,7,2
1925,2024-04-08,2024,4,8,2
1926,2024-04-09,2024,4,9,2
1927,2024-04-10,2024,4,10,2
1928,2024-04-11,2024,4,11,2
1929,2024-04-12,2024,4,12,2
1930,2024-04-13,2024,4,13,2
1931,2024-04-14,2024,4,14,2
1932,2024-04-15,2024,4,15,2
1933,2024-04-16,2024,4,16,2
1934,2024-04-17,2024,4,17,2
1935,2024-04-18,2024,4,18,2
1936,2024-04-19,2024,4,19,2
1937,2024-04-20,2024,4,20,2
1938,2024-04-21,2024,4,21,2
1939,2024-04-22,2024,4,22,2
1940,2024-04-23,2024,4,23,2
1941,2024-04-24,2024,4,24,2
1942,2024-04-25,2024,4,25,2
1943,2024-04-26,2024,4,26,2
1944,2024-04-27,2024,4,27,2
1945,2024-04-28,2024,4,28,2
1946,2024-04-29,2024,4,29,2
1947,2024-04-30,2024,4,30,2
1948,2024-05-01,2024,5,1,2
1949,2024-05-02,2024,5,2,2
1950,2024-05-03,2024,5,3,2
1951,2024-05-04,2024,5,4,2
1952,2024-05-05,2024,5,5,2
1953,2024-05-06,2024,5,6,2
1954,2024-05-07,2024,5,7,2
1955,2024-05-08,2024,5,8,2
1956,2024-05-09,2024,5,9,2
1957,2024-05-10,2024,5,10,2
1958,2024-05-11,2024,5,11,2
1959,2024-05-12,2024,5,12,2
1960,2024-05-13,2024,5,13,2
1961,2024-05-14,2024,5,14,2
1962,2024-05-15,2024,5,15,2
1963,2024-05-16,2024,5,16,2
1964,2024-05-17,2024,5,17,2
1965,2024-05-18,2024,5,18,2
1966,2024-05-19,2024,5,19,2
1967,2024-05-20,2024,5,20,2
1968,2024-05-21,2024,5,21,2
1969,2024-05-22,2024,5,22,2
1970,2024-05-23,2024,5,23,2
1971,2024-05-24,2024,5,24,2
1972,2024-05-25,2024,5,25,2
1973,2024-05-26,2024,5,26,2
1974,2024-05-27,2024,5,27,2
1975,2024-05-28,2024,5,28,2
1976,2024-05-29,2024,5,29,2
1977,2024-05-30,2024,5,30,2
1978,2024-05-31,2024,5,31,2
1979,2024-06-01,2024,6,1,2
1980,2024-06-02,2024,6,2,2
1981,2024-06-03,2024,6,3,2
1982,2024-06-04,2024,6,4,2
1983,2024-06-05,2024,6,5,2
1984,2024-06-06,2024,6,6,2
1985,2024-06-07,2024,6,7,2
1986,2024-06-08,2024,6,8,2
1987,2024-06-09,2024,6,9,2
1988,2024-06-10,2024,6,10,2
1989,2024-06-11,2024,6,11,2
1990,2024-06-12,2024,6,12,2
1991,2024-06-13,2024,6,13,2
1992,2024-06-14,2024,6,14,2
1993,2024-06-15,2024,6,15,2
1994,2024-06-16,2024,6,16,2
1995,2024-06-17,2024,6,17,2
1996,2024-06-18,2024,6,18,2
1997,2024-06-19,2024,6,19,2
1998,2024-06-20,2024,6,20,2
1999,2024-06-21,2024,6,21,2
2000,2024-06-22,2024,6,22,2
2001,2024-06-23,2024,6,23,2
2002,2024-06-24,2024,6,24,2
2003,2024-06-25,2024,6,25,2
2004,2024-06-26,2024,6,26,2
2005,2024-06-27,2024,6,27,2
2006,2024-06-28,2024,6,28,2
2007,2024-06-29,2024,6,29,2
2008,2024-06-30,2024,6,30,2
2009,2024-07-01,2024,7,1,3
2010,2024-07-02,2024,7,2,3
2011,2024-07-03,2024,7,3,3
2012,2024-07-04,2024,7,4,3
2013,2024-07-05,2024,7,5,3
2014,2024-07-06,2024,7,6,3
2015,2024-07-07,2024,7,7,3
2016,2024-07-08,2024,7,8,3
2017,2024-07-09,2024,7,9,3
2018,2024-07-10,2024,7,10,3
2019,2024-07-11,2024,7,11,3
2020,2024-07-12,2024,7,12,3
2021,2024-07-13,2024,7,13,3
2022,2024-07-14,2024,7,14,3
2023,2024-07-15,2024,7,15,3
2024,2024-07-16,2024,7,16,3
2025,2024-07-17,2024,7,17,3
2026,2024-07-18,2024,7,18,3
2027,2024-07-19,2024,7,19,3
2028,2024-07-20,2024,7,20,3
2029,2024-07-21,2024,7,21,3
2030,2024-07-22,2024,7,22,3
2031,2024-07-23,2024,7,23,3
2032,2024-07-24,2024,7,24,3
2033,2024-07-25,2024,7,25,3
2034,2024-07-26,2024,7,26,3
2035,2024-07-27,2024,7,27,3
2036,2024-07-28,2024,7,28,3
2037,2024-07-29,2024,7,29,3
2038,2024-07-30,2024,7,30,3
2039,2024-07-31,2024,7,31,3
2040,2024-08-01,2024,8,1,3
2041,2024-08-02,2024,8,2,3
2042,2024-08-03,2024,8,3,3
2043,2024-08-04,2024,8,4,3
2044,2024-08-05,2024,8,5,3
2045,2024-08-06,2024,8,6,3
2046,2024-08-07,2024,8,7,3
2047,2024-08-08,2024,8,8,3
2048,2024-08-09,2024,8,9,3
2049,2024-08-10,2024,8,10,3
2050,2024-08-11,2024,8,11,3
2051,2024-08-12,2024,8,12,3
2052,2024-08-13,2024,8,13,3
2053,2024-08-14,2024,8,14,3
2054,2024-08-15,2024,8,15,3
2055,2024-08-16,2024,8,16,3
2056,2024-08-17,2024,8,17,3
2057,2024-08-18,2024,8,18,3
2058,2024-08-19,2024,8,19,3
2059,2024-08-20,2024,8,20,3
2060,2024-08-21,2024,8,21,3
2061,2024-08-22,2024,8,22,3
2062,2024-08-23,2024,8,23,3
2063,2024-08-24,2024,8,24,3
2064,2024-08-25,2024,8,25,3
2065,2024-08-26,2024,8,26,3
2066,2024-08-27,2024,8,27,3
2067,2024-08-28,2024,8,28,3
2068,2024-08-29,2024,8,29,3
2069,2024-08-30,2024,8,30,3
2070,2024-08-31,2024,8,31,3
2071,2024-09-01,2024,9,1,3
2072,2024-09-02,2024,9,2,3
2073,2024-09-03,2024,9,3,3
2074,2024-09-04,2024,9,4,3
2075,2024-09-05,2024,9,5,3
2076,2024-09-06,2024,9,6,3
2077,2024-09-07,2024,9,7,3
2078,2024-09-08,2024,9,8,3
2079,2024-09-09,2024,9,9,3
2080,2024-09-10,2024,9,10,3
2081,2024-09-11,2024,9,11,3
2082,2024-09-12,2024,9,12,3
2083,2024-09-13,2024,9,13,3
2084,2024-09-14,2024,9,14,3
2085,2024-09-15,2024,9,15,3
2086,2024-09-16,2024,9,16,3
2087,2024-09-17,2024,9,17,3
2088,2024-09-18,2024,9,18,3
2089,2024-09-19,2024,9,19,3
2090,2024-09-20,2024,9,20,3
2091,2024-09-21,2024,9,21,3
2092,2024-09-22,2024,9,22,3
2093,2024-09-23,2024,9,23,3
2094,2024-09-24,2024,9,24,3
2095,2024-09-25,2024,9,25,3
2096,2024-09-26,2024,9,26,3
2097,2024-09-27,2024,9,27,3
2098,2024-09-28,2024,9,28,3
2099,2024-09-29,2024,9,29,3
2100,2024-09-30,2024,9,30,3
2101,2024-10-01,2024,10,1,4
2102,2024-10-02,2024,10,2,4
2103,2024-10-03,2024,10,3,4
2104,2024-10-04,2024,10,4,4
2105,2024-10-05,2024,10,5,4
2106,2024-10-06,2024,10,6,4
2107,2024-10-07,2024,10,7,4
2108,2024-10-08,2024,10,8,4
2109,2024-10-09,2024,10,9,4
2110,2024-10-10,2024,10,10,4
2111,2024-10-11,2024,10,11,4
2112,2024-10-12,2024,10,12,4
2113,2024-10-13,2024,10,13,4
2114,2024-10-14,2024,10,14,4
2115,2024-10-15,2024,10,15,4
2116,2024-10-16,2024,10,16,4
2117,2024-10-17,2024,10,17,4
2118,2024-10-18,2024,10,18,4
2119,2024-10-19,2024,10,19,4
2120,2024-10-20,2024,10,20,4
2121,2024-10-21,2024,10,21,4
2122,2024-10-22,2024,10,22,4
2123,2024-10-23,2024,10,23,4
2124,2024-10-24,2024,10,24,4
2125,2024-10-25,2024,10,25,4
2126,2024-10-26,2024,10,26,4
2127,2024-10-27,2024,10,27,4
2128,2024-10-28,2024,10,28,4
2129,2024-10-29,2024,10,29,4
2130,2024-10-30,2024,10,30,4
2131,2024-10-31,2024,10,31,4
2132,2024-11-01,2024,11,1,4
2133,2024-11-02,2024,11,2,4
2134,2024-11-03,2024,11,3,4
2135,2024-11-04,2024,11,4,4
2136,2024-11-05,2024,11,5,4
2137,2024-11-06,2024,11,6,4
2138,2024-11-07,2024,11,7,4
2139,2024-11-08,2024,11,8,4
2140,2024-11-09,2024,11,9,4
2141,2024-11-10,2024,11,10,4
2142,2024-11-11,2024,11,11,4
2143,2024-11-12,2024,11,12,4
2144,2024-11-13,2024,11,13,4
2145,2024-11-14,2024,11,14,4
2146,2024-11-15,2024,11,15,4
2147,2024-11-16,2024,11,16,4
2148,2024-11-17,2024,11,17,4
2149,2024-11-18,2024,11,18,4
2150,2024-11-19,2024,11,19,4
2151,2024-11-20,2024,11,20,4
2152,2024-11-21,2024,11,21,4
2153,2024-11-22,2024,11,22,4
2154,2024-11-23,2024,11,23,4
2155,2024-11-24,2024,11,24,4
2156,2024-11-25,2024,11,25,4
2157,2024-11-26,2024,11,26,4
2158,2024-11-27,2024,11,27,4
2159,2024-11-28,2024,11,28,4
2160,2024-11-29,2024,11,29,4
2161,2024-11-30,2024,11,30,4
2162,2024-12-01,2024,12,1,4
2163,2024-12-02,2024,12,2,4
2164,2024-12-03,2024,12,3,4
2165,2024-12-04,2024,12,4,4
2166,2024-12-05,2024,12,5,4
2167,2024-12-06,2024,12,6,4
2168,2024-12-07,2024,12,7,4
2169,2024-12-08,2024,12,8,4
2170,2024-12-09,2024,12,9,4
2171,2024-12-10,2024,12,10,4
2172,2024-12-11,2024,12,11,4
2173,2024-12-12,2024,12,12,4
2174,2024-12-13,2024,12,13,4
2175,2024-12-14,2024,12,14,4
2176,2024-12-15,2024,12,15,4
2177,2024-12-16,2024,12,16,4
2178,2024-12-17,2024,12,17,4
2179,2024-12-18,2024,12,18,4
2180,2024-12-19,2024,12,19,4
2181,2024-12-20,2024,12,20,4
2182,2024-12-21,2024,12,21,4
2183,2024-12-22,2024,12,22,4
2184,2024-12-23,2024,12,23,4
2185,2024-12-24,2024,12,24,4
2186,2024-12-25,2024,12,25,4
2187,2024-12-26,2024,12,26,4
2188,2024-12-27,2024,12,27,4
2189,2024-12-28,2024,12,28,4
2190,2024-12-29,2024,12,29,4
2191,2024-12-30,2024,12,30,4
2192,2024-12-31,2024,12,31,4
