paymentID,userID,planID,paymentDate,expiryDate
1,58,10,2024-02-19 22:02:37,2024-05-22 22:02:37
2,62,13,2024-01-22 06:43:26,2024-07-17 06:43:26
3,449,1,2024-02-16 05:43:53,2024-04-06 05:43:53
4,495,3,2024-01-29 08:53:01,2024-07-20 08:53:01
5,100,16,2024-02-01 04:23:15,2024-12-20 04:23:15
6,28,2,2024-01-01 04:53:44,2024-02-14 04:53:44
7,225,9,2024-02-21 07:27:35,2025-01-03 07:27:35
8,326,4,2024-02-04 11:08:02,2024-10-21 11:08:02
9,462,18,2024-01-31 05:52:56,2024-07-03 05:52:56
10,479,12,2024-02-06 12:58:26,2024-11-28 12:58:26
11,240,2,2024-02-27 02:07:39,2024-10-17 02:07:39
12,49,5,2024-01-29 03:00:20,2024-11-03 03:00:20
13,161,19,2024-02-14 18:21:25,2024-05-07 18:21:25
14,23,10,2024-02-01 11:26:18,2024-06-27 11:26:18
15,51,10,2024-02-21 06:06:47,2024-05-07 06:06:47
16,183,14,2024-02-26 09:49:42,2024-04-13 09:49:42
17,235,17,2024-01-04 11:35:26,2025-01-02 11:35:26
18,21,6,2024-01-04 18:26:59,2024-03-01 18:26:59
19,98,3,2024-02-14 00:07:31,2024-08-29 00:07:31
20,153,7,2024-02-08 06:12:06,2024-09-11 06:12:06
21,418,14,2024-01-10 12:51:27,2024-03-29 12:51:27
22,41,17,2024-02-15 17:39:24,2024-05-06 17:39:24
23,113,15,2024-02-23 01:09:46,2024-04-18 01:09:46
24,384,1,2024-01-21 08:19:50,2024-04-17 08:19:50
25,417,20,2024-01-12 11:55:52,2024-09-20 11:55:52
26,386,8,2024-02-06 02:38:53,2025-01-24 02:38:53
27,19,4,2024-01-27 01:44:34,2024-08-31 01:44:34
28,285,11,2024-01-02 04:59:11,2024-07-07 04:59:11
29,11,7,2024-01-29 21:29:27,2024-07-28 21:29:27
30,434,14,2024-01-17 19:16:29,2024-03-29 19:16:29
31,211,4,2024-02-09 04:34:21,2024-07-24 04:34:21
32,369,5,2024-01-14 13:26:53,2024-08-25 13:26:53
33,413,8,2024-02-01 08:38:54,2024-09-30 08:38:54
34,59,16,2024-02-04 12:32:53,2024-06-06 12:32:53
35,136,1,2024-01-05 05:51:41,2024-08-24 05:51:41
36,145,8,2024-01-11 05:21:24,2024-12-06 05:21:24
37,196,5,2024-02-16 22:18:31,2025-01-05 22:18:31
38,400,16,2024-02-09 11:38:10,2024-08-25 11:38:10
39,143,1,2024-02-04 18:03:08,2024-04-16 18:03:08
40,273,8,2024-02-28 01:30:30,2024-10-05 01:30:30
41,456,20,2024-01-28 01:22:58,2025-01-08 01:22:58
42,78,18,2024-02-23 13:40:07,2024-06-25 13:40:07
43,178,15,2024-02-14 23:36:43,2024-08-13 23:36:43
44,231,3,2024-01-30 23:41:48,2024-07-05 23:41:48
45,379,5,2024-02-12 07:26:45,2024-07-19 07:26:45
46,112,4,2024-02-29 05:45:15,2024-04-23 05:45:15
47,125,12,2024-02-10 09:26:12,2024-04-14 09:26:12
48,283,12,2024-02-05 04:55:13,2024-04-26 04:55:13
49,239,11,2024-01-16 17:35:33,2024-09-18 17:35:33
50,406,20,2024-01-19 18:03:26,2024-07-08 18:03:26
51,43,7,2024-01-06 22:04:17,2024-06-25 22:04:17
52,259,12,2024-03-01 16:53:54,2024-10-24 16:53:54
53,340,6,2024-02-02 06:00:57,2025-02-01 06:00:57
54,109,7,2024-02-23 00:24:40,2024-10-16 00:24:40
55,227,4,2024-02-21 03:18:45,2024-05-20 03:18:45
56,104,3,2024-02-29 08:24:47,2024-07-26 08:24:47
57,138,7,2024-02-02 00:19:49,2024-05-25 00:19:49
58,314,9,2024-01-14 01:37:45,2024-12-19 01:37:45
59,171,14,2024-01-02 08:01:04,2024-12-06 08:01:04
60,205,6,2024-02-03 06:43:21,2024-04-03 06:43:21
61,226,14,2024-02-14 07:45:06,2024-06-02 07:45:06
62,252,19,2024-01-17 13:06:21,2024-06-30 13:06:21
63,9,19,2024-01-28 00:56:01,2024-03-28 00:56:01
64,170,18,2024-01-19 13:18:59,2024-03-24 13:18:59
65,336,3,2024-02-29 19:20:49,2025-02-04 19:20:49
66,398,19,2024-01-29 11:48:12,2024-05-31 11:48:12
67,459,7,2024-02-06 14:27:26,2025-01-14 14:27:26
68,4,4,2024-01-06 11:42:05,2024-12-27 11:42:05
69,117,7,2024-01-05 13:50:01,2024-05-10 13:50:01
70,180,11,2024-01-29 01:08:39,2024-04-10 01:08:39
71,197,7,2024-02-02 10:23:52,2024-10-09 10:23:52
72,315,18,2024-01-14 08:59:12,2024-06-09 08:59:12
73,420,2,2024-02-09 13:38:27,2025-01-20 13:38:27
74,432,20,2024-01-27 19:01:13,2024-11-25 19:01:13
75,14,16,2024-01-02 16:51:26,2024-10-09 16:51:26
76,199,11,2024-01-03 03:52:47,2024-10-20 03:52:47
77,310,12,2024-01-04 23:21:07,2024-03-22 23:21:07
78,402,6,2024-01-06 10:20:36,2024-03-08 10:20:36
79,72,6,2024-01-09 10:38:37,2024-05-29 10:38:37
80,92,20,2024-01-27 18:16:30,2024-03-03 18:16:30
81,116,11,2024-01-22 03:03:40,2024-11-11 03:03:40
82,241,6,2024-02-22 18:49:50,2024-10-27 18:49:50
83,352,14,2024-01-20 20:26:30,2024-07-19 20:26:30
84,99,14,2024-01-05 08:43:36,2024-05-09 08:43:36
85,230,2,2024-02-22 21:20:41,2025-01-19 21:20:41
86,242,18,2024-02-27 03:14:15,2024-04-14 03:14:15
87,299,17,2024-02-27 23:17:50,2024-04-07 23:17:50
88,7,12,2024-03-01 15:26:09,2024-08-14 15:26:09
89,40,5,2024-02-26 22:34:22,2024-03-28 22:34:22
90,367,20,2024-01-09 16:51:00,2024-06-19 16:51:00
91,439,9,2024-02-07 23:30:46,2024-07-04 23:30:46
92,357,1,2024-01-09 17:19:45,2024-02-16 17:19:45
93,207,3,2024-01-15 15:52:01,2024-08-03 15:52:01
94,291,5,2024-01-12 05:13:14,2024-06-05 05:13:14
95,435,5,2024-02-11 15:33:17,2024-12-08 15:33:17
96,168,15,2024-01-26 19:59:43,2024-08-12 19:59:43
97,139,16,2024-01-19 09:14:23,2024-11-06 09:14:23
98,212,5,2024-02-19 13:55:22,2024-06-24 13:55:22
99,234,13,2024-02-01 02:16:19,2024-11-18 02:16:19
100,278,1,2024-01-25 20:41:19,2024-05-22 20:41:19
101,114,5,2024-01-13 15:59:06,2024-11-29 15:59:06
102,289,15,2024-02-02 17:46:28,2025-01-10 17:46:28
103,309,8,2024-01-06 08:23:01,2024-08-21 08:23:01
104,44,9,2024-02-25 21:57:20,2024-11-17 21:57:20
105,64,19,2024-03-02 01:53:04,2024-06-06 01:53:04
106,202,16,2024-01-30 05:19:41,2024-05-19 05:19:41
107,250,18,2024-01-19 04:02:29,2024-05-20 04:02:29
108,270,16,2024-02-17 14:30:40,2024-06-27 14:30:40
109,376,8,2024-02-01 01:57:52,2025-01-10 01:57:52
110,383,10,2024-01-09 08:03:16,2024-08-13 08:03:16
111,107,6,2024-02-28 18:17:32,2024-11-06 18:17:32
112,208,5,2024-02-02 22:54:34,2024-09-18 22:54:34
113,268,13,2024-01-08 04:11:45,2024-03-21 04:11:45
114,303,16,2024-02-27 00:32:36,2024-11-20 00:32:36
115,411,10,2024-02-06 14:53:09,2024-06-08 14:53:09
116,5,15,2024-02-11 09:28:51,2024-08-22 09:28:51
117,31,2,2024-01-24 12:04:09,2024-06-04 12:04:09
118,63,11,2024-02-23 06:35:16,2024-08-18 06:35:16
119,359,14,2024-01-22 16:15:30,2024-04-14 16:15:30
120,425,7,2024-01-02 01:22:36,2024-02-15 01:22:36
121,498,12,2024-01-18 11:20:22,2024-04-01 11:20:22
122,194,6,2024-02-25 03:43:16,2024-12-02 03:43:16
123,122,16,2024-02-11 13:24:14,2024-06-19 13:24:14
124,160,10,2024-01-17 20:19:13,2024-11-30 20:19:13
125,277,15,2024-02-10 15:05:28,2025-02-02 15:05:28
126,438,15,2024-01-31 09:54:36,2025-01-06 09:54:36
127,481,20,2024-01-25 19:08:57,2024-05-29 19:08:57
128,204,8,2024-02-03 14:59:51,2024-04-10 14:59:51
129,254,7,2024-02-06 11:49:43,2025-01-09 11:49:43
130,335,7,2024-01-28 09:43:21,2024-03-21 09:43:21
131,444,4,2024-01-05 10:07:00,2024-02-04 10:07:00
132,22,9,2024-01-25 18:00:18,2024-03-26 18:00:18
133,46,17,2024-02-11 00:52:25,2024-04-15 00:52:25
134,119,2,2024-02-08 14:10:28,2024-10-30 14:10:28
135,466,20,2024-01-26 02:42:59,2024-05-19 02:42:59
136,32,20,2024-02-04 22:46:25,2024-03-23 22:46:25
137,294,7,2024-01-05 18:37:41,2024-11-29 18:37:41
138,347,3,2024-02-14 21:50:19,2024-06-05 21:50:19
139,396,16,2024-01-20 16:41:21,2024-10-18 16:41:21
140,102,15,2024-02-10 10:30:20,2025-02-09 10:30:20
141,290,17,2024-01-06 02:19:30,2024-12-20 02:19:30
142,350,19,2024-02-09 12:03:26,2024-12-22 12:03:26
143,110,4,2024-02-03 17:39:45,2024-08-21 17:39:45
144,186,7,2024-01-04 05:03:33,2024-09-08 05:03:33
145,423,8,2024-02-25 19:04:24,2025-02-05 19:04:24
146,489,10,2024-01-10 00:39:06,2024-04-04 00:39:06
147,56,9,2024-01-21 00:02:36,2024-11-22 00:02:36
148,279,15,2024-01-06 14:52:32,2024-05-26 14:52:32
149,354,6,2024-01-22 18:24:37,2024-07-30 18:24:37
150,470,1,2024-01-01 06:18:25,2024-12-17 06:18:25
151,86,4,2024-01-11 15:29:26,2024-04-23 15:29:26
152,224,7,2024-03-01 20:31:28,2025-02-09 20:31:28
153,304,1,2024-02-09 06:50:02,2024-09-18 06:50:02
154,346,8,2024-01-21 03:06:53,2024-06-30 03:06:53
155,65,20,2024-02-25 03:17:31,2024-05-18 03:17:31
156,76,6,2024-01-14 10:25:15,2024-08-04 10:25:15
157,229,17,2024-01-12 19:16:00,2024-05-29 19:16:00
158,447,4,2024-01-25 19:25:09,2024-09-23 19:25:09
159,499,12,2024-01-02 06:31:30,2024-11-01 06:31:30
160,358,14,2024-01-18 03:19:49,2024-05-04 03:19:49
161,494,14,2024-02-24 12:22:00,2024-04-27 12:22:00
162,281,17,2024-02-13 20:53:29,2024-08-24 20:53:29
163,478,1,2024-02-24 18:15:18,2024-07-05 18:15:18
164,126,14,2024-02-11 22:57:01,2024-12-28 22:57:01
165,157,14,2024-02-28 01:51:33,2024-05-11 01:51:33
166,404,1,2024-01-11 22:16:49,2024-05-02 22:16:49
167,164,9,2024-01-09 21:14:43,2024-08-09 21:14:43
168,424,9,2024-01-20 21:51:40,2024-03-21 21:51:40
169,427,20,2024-01-18 20:30:54,2024-11-24 20:30:54
170,436,14,2024-02-07 02:17:02,2024-06-15 02:17:02
171,201,5,2024-01-13 11:20:04,2024-10-03 11:20:04
172,142,10,2024-02-16 22:00:56,2024-05-12 22:00:56
173,156,12,2024-01-16 20:50:26,2024-06-03 20:50:26
174,182,11,2024-02-27 10:23:34,2024-10-30 10:23:34
175,356,3,2024-01-06 13:52:49,2024-10-26 13:52:49
176,395,20,2024-02-04 02:30:35,2024-10-10 02:30:35
177,29,18,2024-01-07 19:41:56,2024-04-17 19:41:56
178,89,3,2024-02-10 22:47:25,2025-01-01 22:47:25
179,403,17,2024-03-01 21:26:49,2024-06-29 21:26:49
180,407,17,2024-02-29 13:14:26,2024-08-31 13:14:26
181,415,5,2024-02-22 15:06:38,2024-04-06 15:06:38
182,468,3,2024-02-05 02:41:08,2024-07-09 02:41:08
183,83,2,2024-01-22 17:40:02,2024-03-04 17:40:02
184,312,1,2024-02-25 07:39:49,2024-11-05 07:39:49
185,487,7,2024-01-28 15:28:12,2024-12-08 15:28:12
186,500,4,2024-01-12 21:17:15,2024-04-07 21:17:15
187,233,10,2024-01-17 18:27:47,2024-12-07 18:27:47
188,24,3,2024-02-09 00:17:36,2024-07-16 00:17:36
189,217,12,2024-02-17 20:56:15,2024-04-18 20:56:15
190,10,13,2024-01-29 06:33:16,2024-08-20 06:33:16
191,149,6,2024-02-24 06:30:09,2024-07-17 06:30:09
192,284,17,2024-01-25 13:43:26,2024-10-26 13:43:26
193,95,10,2024-02-05 12:24:52,2024-12-23 12:24:52
194,152,9,2024-01-31 14:09:00,2024-03-15 14:09:00
195,236,7,2024-02-05 11:43:09,2024-03-08 11:43:09
196,453,4,2024-01-06 03:34:08,2024-08-27 03:34:08
197,497,19,2024-02-06 12:06:03,2024-12-05 12:06:03
198,6,5,2024-01-25 08:30:58,2024-03-28 08:30:58
199,26,8,2024-02-08 21:13:42,2024-12-10 21:13:42
200,42,15,2024-01-31 17:17:50,2024-04-27 17:17:50
201,163,2,2024-01-02 20:38:30,2024-04-26 20:38:30
202,77,7,2024-01-31 21:27:25,2024-06-16 21:27:25
203,127,19,2024-02-26 12:34:37,2024-10-16 12:34:37
204,363,18,2024-02-12 17:23:19,2024-06-16 17:23:19
205,472,3,2024-02-12 05:23:27,2024-07-14 05:23:27
206,25,8,2024-02-29 20:01:25,2024-11-11 20:01:25
207,50,14,2024-01-30 11:54:23,2024-05-06 11:54:23
208,75,9,2024-01-28 16:15:10,2024-07-15 16:15:10
209,189,1,2024-01-22 17:58:35,2024-02-29 17:58:35
210,441,17,2024-01-12 05:02:37,2024-03-08 05:02:37
211,175,15,2024-02-07 17:06:15,2024-09-15 17:06:15
212,243,8,2024-02-12 13:02:51,2024-05-03 13:02:51
213,318,9,2024-01-02 00:41:50,2024-06-11 00:41:50
214,428,14,2024-02-06 18:08:22,2024-12-31 18:08:22
215,85,20,2024-02-21 02:27:00,2024-08-05 02:27:00
216,390,1,2024-02-09 21:06:48,2024-11-03 21:06:48
217,93,1,2024-01-22 08:36:04,2024-09-11 08:36:04
218,195,9,2024-01-13 02:32:18,2024-03-29 02:32:18
219,271,6,2024-01-18 19:41:01,2024-10-06 19:41:01
220,215,2,2024-01-11 03:18:12,2024-12-11 03:18:12
221,440,10,2024-01-26 06:54:35,2024-10-20 06:54:35
222,103,8,2024-03-01 06:31:45,2024-09-22 06:31:45
223,265,8,2024-02-15 09:26:36,2024-05-26 09:26:36
224,325,17,2024-02-14 07:55:01,2024-07-30 07:55:01
225,492,10,2024-01-30 16:37:01,2024-04-16 16:37:01
226,158,14,2024-01-03 16:18:25,2024-06-18 16:18:25
227,193,12,2024-01-06 11:42:09,2024-10-21 11:42:09
228,451,19,2024-01-16 10:52:57,2024-11-03 10:52:57
229,496,11,2024-03-02 13:26:15,2024-11-22 13:26:15
230,445,18,2024-01-05 17:26:44,2024-12-25 17:26:44
231,464,18,2024-01-21 05:09:02,2024-10-26 05:09:02
232,48,3,2024-01-11 14:52:30,2024-03-06 14:52:30
233,68,6,2024-01-09 04:24:12,2024-05-16 04:24:12
234,128,2,2024-01-24 15:50:29,2024-11-28 15:50:29
235,165,18,2024-02-16 04:09:16,2024-08-30 04:09:16
236,426,6,2024-01-03 07:15:40,2024-09-20 07:15:40
237,33,7,2024-01-13 22:39:19,2024-02-17 22:39:19
238,34,13,2024-01-30 14:00:31,2024-10-16 14:00:31
239,214,2,2024-01-10 00:51:41,2024-07-09 00:51:41
240,430,2,2024-01-15 11:20:29,2024-09-18 11:20:29
241,120,17,2024-02-04 22:00:20,2024-04-14 22:00:20
242,169,14,2024-02-10 23:44:17,2024-08-03 23:44:17
243,288,16,2024-02-14 06:24:48,2024-07-22 06:24:48
244,414,11,2024-01-15 05:46:11,2024-08-20 05:46:11
245,90,13,2024-03-02 11:14:14,2024-08-10 11:14:14
246,276,9,2024-02-24 01:25:14,2024-07-13 01:25:14
247,327,17,2024-01-03 14:06:48,2024-08-12 14:06:48
248,391,11,2024-02-09 05:39:04,2024-07-17 05:39:04
249,3,13,2024-01-13 07:44:51,2024-12-14 07:44:51
250,179,20,2024-01-28 14:00:10,2024-07-25 14:00:10
251,245,17,2024-02-01 00:50:57,2024-12-03 00:50:57
252,345,20,2024-02-01 19:05:48,2024-03-24 19:05:48
253,37,5,2024-01-24 21:20:02,2024-02-23 21:20:02
254,140,15,2024-01-19 19:07:48,2024-05-23 19:07:48
255,15,20,2024-01-18 15:09:46,2024-11-12 15:09:46
256,133,8,2024-01-18 14:19:52,2024-10-11 14:19:52
257,282,12,2024-02-21 08:15:46,2024-09-15 08:15:46
258,300,9,2024-02-20 17:12:20,2024-08-05 17:12:20
259,365,8,2024-02-11 19:34:42,2024-12-22 19:34:42
260,39,15,2024-03-03 01:53:42,2024-12-03 01:53:42
261,13,11,2024-01-16 04:46:35,2024-08-11 04:46:35
262,87,10,2024-01-18 23:17:40,2024-12-23 23:17:40
263,173,9,2024-02-02 23:45:28,2024-10-22 23:45:28
264,200,11,2024-01-19 23:03:26,2024-03-23 23:03:26
265,30,19,2024-02-13 09:16:22,2024-08-17 09:16:22
266,392,10,2024-01-29 13:08:57,2024-03-12 13:08:57
267,27,4,2024-03-02 19:01:15,2024-07-13 19:01:15
268,155,16,2024-01-14 04:26:32,2024-10-15 04:26:32
269,313,17,2024-01-02 03:01:49,2024-03-29 03:01:49
270,370,11,2024-02-27 07:11:22,2024-08-28 07:11:22
271,380,13,2024-02-07 18:27:19,2024-05-12 18:27:19
272,493,11,2024-02-05 16:26:46,2024-07-28 16:26:46
273,405,6,2024-01-30 02:20:44,2024-04-25 02:20:44
274,388,17,2024-01-10 12:23:57,2024-10-12 12:23:57
275,18,6,2024-01-10 09:19:58,2024-08-07 09:19:58
276,144,9,2024-01-08 23:14:57,2024-07-02 23:14:57
277,159,8,2024-01-01 11:14:42,2024-02-15 11:14:42
278,121,14,2024-02-06 10:09:22,2024-10-28 10:09:22
279,260,5,2024-01-11 07:11:21,2024-08-30 07:11:21
280,316,4,2024-01-31 09:37:46,2024-12-20 09:37:46
281,457,12,2024-01-05 20:13:51,2024-08-14 20:13:51
282,255,2,2024-02-21 20:05:57,2024-07-29 20:05:57
283,471,19,2024-01-08 21:50:46,2024-10-27 21:50:46
284,69,18,2024-01-04 03:50:34,2024-09-11 03:50:34
285,339,7,2024-01-01 19:49:21,2024-06-26 19:49:21
286,454,9,2024-01-19 19:21:32,2024-02-26 19:21:32
287,185,16,2024-02-19 13:00:55,2024-09-01 13:00:55
288,267,8,2024-03-01 05:00:40,2024-08-29 05:00:40
289,67,11,2024-02-23 19:41:27,2024-07-21 19:41:27
290,272,6,2024-02-16 20:31:47,2024-10-14 20:31:47
291,485,1,2024-01-22 01:21:06,2024-03-04 01:21:06
292,137,20,2024-02-19 06:14:37,2024-11-16 06:14:37
293,364,9,2024-02-26 18:27:08,2025-02-07 18:27:08
294,47,19,2024-02-08 03:23:33,2024-04-02 03:23:33
295,91,8,2024-01-18 21:48:16,2024-10-06 21:48:16
296,343,5,2024-02-23 03:16:51,2024-05-09 03:16:51
297,378,16,2024-01-06 20:58:51,2024-05-18 20:58:51
298,61,4,2024-01-04 15:30:35,2024-05-31 15:30:35
299,341,11,2024-02-21 22:13:42,2024-10-30 22:13:42
300,106,6,2024-02-13 08:29:22,2024-12-22 08:29:22
301,450,18,2024-01-21 01:43:55,2024-06-29 01:43:55
302,473,20,2024-01-14 21:27:58,2024-06-16 21:27:58
303,135,2,2024-01-14 00:56:53,2024-11-23 00:56:53
304,295,10,2024-02-25 19:47:17,2024-07-18 19:47:17
305,342,20,2024-02-04 19:22:09,2024-11-26 19:22:09
306,348,10,2024-01-21 23:33:12,2024-06-10 23:33:12
307,483,7,2024-01-16 06:16:40,2024-07-20 06:16:40
308,253,7,2024-01-21 11:12:26,2024-09-28 11:12:26
309,401,20,2024-01-04 09:48:05,2024-11-14 09:48:05
310,408,6,2024-02-23 16:17:49,2024-10-17 16:17:49
311,433,20,2024-01-04 21:56:35,2024-07-01 21:56:35
312,192,3,2024-01-29 03:54:05,2024-10-19 03:54:05
313,330,8,2024-02-07 01:46:13,2025-01-31 01:46:13
314,486,4,2024-02-06 15:46:02,2024-08-12 15:46:02
315,131,13,2024-02-21 01:20:37,2024-07-24 01:20:37
316,246,18,2024-01-30 17:44:06,2024-08-17 17:44:06
317,306,18,2024-01-29 21:56:03,2024-05-27 21:56:03
318,442,13,2024-02-19 18:28:37,2024-07-09 18:28:37
319,349,2,2024-02-14 12:24:51,2024-05-05 12:24:51
320,482,1,2024-02-08 10:17:13,2024-12-18 10:17:13
321,491,17,2024-02-09 21:21:38,2024-03-29 21:21:38
322,264,1,2024-02-13 09:22:56,2024-10-16 09:22:56
323,373,7,2024-02-07 05:41:14,2024-04-21 05:41:14
324,55,13,2024-01-07 04:32:40,2024-04-07 04:32:40
325,476,11,2024-02-05 02:54:58,2024-10-23 02:54:58
326,35,10,2024-02-15 10:52:51,2024-12-10 10:52:51
327,80,6,2024-02-13 13:19:23,2024-12-13 13:19:23
328,258,3,2024-02-23 19:16:15,2025-01-31 19:16:15
329,70,12,2024-01-01 14:02:48,2024-02-10 14:02:48
330,338,11,2024-01-19 04:09:25,2024-07-04 04:09:25
331,353,8,2024-01-06 06:25:51,2024-05-31 06:25:51
332,393,14,2024-02-13 03:44:20,2025-01-10 03:44:20
333,409,19,2024-01-03 15:32:57,2024-11-17 15:32:57
334,198,12,2024-02-05 00:14:26,2024-05-10 00:14:26
335,362,4,2024-01-27 02:31:13,2024-11-02 02:31:13
336,361,6,2024-01-29 17:44:29,2024-03-23 17:44:29
337,12,1,2024-01-23 12:43:55,2024-07-11 12:43:55
338,129,7,2024-02-29 06:22:51,2024-11-14 06:22:51
339,191,13,2024-01-27 09:33:36,2024-10-07 09:33:36
340,474,11,2024-01-10 16:25:24,2024-12-27 16:25:24
341,66,18,2024-01-30 23:07:32,2025-01-24 23:07:32
342,337,15,2024-01-29 18:41:59,2024-06-16 18:41:59
343,394,9,2024-01-27 04:31:45,2024-03-06 04:31:45
344,399,17,2024-01-16 21:02:14,2024-12-30 21:02:14
345,421,9,2024-01-30 05:59:07,2024-05-17 05:59:07
346,172,5,2024-01-13 23:34:04,2024-06-07 23:34:04
347,257,2,2024-01-23 11:15:24,2024-10-01 11:15:24
348,148,6,2024-02-13 04:44:04,2024-10-22 04:44:04
349,223,9,2024-01-13 03:13:28,2024-09-23 03:13:28
350,333,4,2024-01-31 12:28:33,2024-05-24 12:28:33
351,371,15,2024-02-16 03:16:43,2024-04-29 03:16:43
352,477,10,2024-01-08 17:21:27,2024-12-18 17:21:27
353,74,18,2024-02-22 12:55:45,2024-09-12 12:55:45
354,151,4,2024-02-28 13:43:09,2024-05-28 13:43:09
355,218,15,2024-02-24 04:29:11,2024-10-20 04:29:11
356,221,14,2024-02-19 02:19:55,2024-12-05 02:19:55
357,266,18,2024-02-14 13:09:54,2024-07-15 13:09:54
358,184,11,2024-01-13 08:27:38,2024-11-28 08:27:38
359,292,9,2024-02-27 20:07:41,2024-08-20 20:07:41
360,331,18,2024-01-16 00:04:37,2024-08-27 00:04:37
361,382,15,2024-02-05 02:43:40,2024-07-01 02:43:40
362,328,12,2024-01-23 15:39:00,2024-05-27 15:39:00
363,488,5,2024-01-23 23:45:38,2024-07-09 23:45:38
364,52,3,2024-01-02 00:26:34,2024-03-29 00:26:34
365,115,19,2024-01-31 16:17:04,2024-06-13 16:17:04
366,334,19,2024-02-03 06:20:27,2024-04-05 06:20:27
367,366,13,2024-02-19 05:59:30,2024-10-20 05:59:30
368,460,3,2024-02-11 01:30:49,2024-06-07 01:30:49
369,190,12,2024-01-13 05:01:18,2024-03-13 05:01:18
370,351,7,2024-01-16 10:56:38,2024-02-26 10:56:38
371,166,19,2024-01-22 14:56:35,2024-04-21 14:56:35
372,332,19,2024-01-07 20:35:55,2024-07-27 20:35:55
373,167,7,2024-02-01 17:55:45,2024-06-18 17:55:45
374,296,1,2024-01-02 11:14:59,2024-05-13 11:14:59
375,467,14,2024-01-10 06:25:09,2024-06-29 06:25:09
376,374,13,2024-02-11 15:27:36,2024-05-29 15:27:36
377,416,5,2024-01-30 08:19:36,2024-06-27 08:19:36
378,422,14,2024-01-25 01:11:29,2024-08-02 01:11:29
379,377,18,2024-01-24 23:47:47,2024-05-31 23:47:47
380,219,3,2024-01-09 05:13:26,2024-12-06 05:13:26
381,275,2,2024-02-07 10:35:23,2024-04-21 10:35:23
382,323,6,2024-01-10 00:05:56,2024-06-22 00:05:56
383,455,13,2024-02-05 23:52:24,2024-07-21 23:52:24
384,461,13,2024-01-15 10:45:40,2024-05-08 10:45:40
385,60,13,2024-01-09 12:19:43,2024-10-28 12:19:43
386,176,4,2024-02-14 10:18:13,2024-10-03 10:18:13
387,286,2,2024-01-08 14:55:59,2024-09-07 14:55:59
388,188,16,2024-02-09 16:52:09,2024-04-12 16:52:09
389,53,4,2024-02-13 16:19:36,2024-04-27 16:19:36
390,355,14,2024-01-02 20:12:20,2024-11-04 20:12:20
391,238,5,2024-01-01 20:47:38,2024-12-09 20:47:38
392,298,1,2024-01-04 06:12:35,2024-02-09 06:12:35
393,465,1,2024-01-24 14:44:28,2024-03-16 14:44:28
394,88,1,2024-03-03 01:44:56,2024-06-18 01:44:56
395,123,15,2024-01-09 06:44:18,2024-12-19 06:44:18
396,490,15,2024-02-26 03:13:54,2024-08-15 03:13:54
397,1,10,2024-03-01 06:18:44,2024-06-27 06:18:44
398,81,8,2024-01-06 21:13:12,2024-05-11 21:13:12
399,108,19,2024-02-23 17:25:12,2024-05-13 17:25:12
400,305,18,2024-02-07 01:22:33,2024-12-14 01:22:33
401,321,17,2024-01-01 21:53:12,2024-10-15 21:53:12
402,124,2,2024-01-19 15:53:15,2024-05-24 15:53:15
403,210,2,2024-01-27 01:48:38,2024-04-02 01:48:38
404,16,7,2024-01-27 20:16:50,2024-11-12 20:16:50
405,45,3,2024-02-03 07:16:21,2024-11-08 07:16:21
406,57,3,2024-01-19 22:35:59,2024-11-02 22:35:59
407,247,2,2024-02-01 13:22:42,2024-08-24 13:22:42
408,150,5,2024-01-08 03:33:24,2024-06-19 03:33:24
409,97,4,2024-01-26 15:34:41,2024-08-26 15:34:41
410,209,16,2024-02-17 12:21:38,2024-03-29 12:21:38
411,130,6,2024-02-15 00:05:17,2024-07-15 00:05:17
412,251,17,2024-02-04 12:13:19,2024-12-21 12:13:19
413,446,11,2024-02-14 20:49:01,2024-09-15 20:49:01
414,82,9,2024-01-26 16:38:07,2024-10-07 16:38:07
415,262,14,2024-01-03 02:34:43,2024-05-28 02:34:43
416,319,8,2024-02-03 14:15:27,2024-12-28 14:15:27
417,429,5,2024-02-11 17:04:37,2024-06-27 17:04:37
418,132,9,2024-01-28 08:16:28,2024-09-19 08:16:28
419,431,4,2024-02-22 10:21:42,2024-06-27 10:21:42
420,203,19,2024-02-24 12:23:05,2025-02-12 12:23:05
421,177,19,2024-02-07 08:11:52,2024-09-20 08:11:52
422,269,18,2024-01-01 08:18:04,2024-12-29 08:18:04
423,187,6,2024-01-03 12:22:00,2024-11-02 12:22:00
424,475,5,2024-01-21 17:56:55,2024-02-25 17:56:55
425,216,12,2024-01-08 20:50:32,2024-05-08 20:50:32
426,220,3,2024-03-01 04:50:25,2024-10-16 04:50:25
427,222,15,2024-01-25 01:48:24,2024-06-17 01:48:24
428,317,6,2024-01-28 03:33:49,2024-10-28 03:33:49
429,443,3,2024-02-20 11:36:20,2024-08-15 11:36:20
430,248,3,2024-02-10 10:27:37,2024-03-17 10:27:37
431,256,5,2024-01-13 18:21:04,2024-06-15 18:21:04
432,320,2,2024-01-21 07:50:33,2024-11-16 07:50:33
433,20,13,2024-01-15 01:54:17,2024-12-19 01:54:17
434,232,20,2024-02-25 06:23:47,2024-07-10 06:23:47
435,96,14,2024-02-25 21:13:46,2025-01-06 21:13:46
436,293,9,2024-02-03 12:04:01,2024-05-19 12:04:01
437,308,7,2024-02-21 14:57:06,2024-09-14 14:57:06
438,344,1,2024-02-25 03:58:09,2024-06-28 03:58:09
439,389,20,2024-01-28 06:56:46,2024-10-21 06:56:46
440,94,2,2024-02-07 09:51:35,2024-06-10 09:51:35
441,147,6,2024-01-20 08:54:29,2024-06-30 08:54:29
442,263,2,2024-02-24 19:05:44,2024-11-11 19:05:44
443,141,6,2024-02-28 14:45:48,2024-06-04 14:45:48
444,154,14,2024-02-06 17:10:50,2024-12-12 17:10:50
445,213,12,2024-01-15 22:42:33,2024-04-19 22:42:33
446,105,8,2024-02-16 07:22:23,2024-12-28 07:22:23
447,311,5,2024-02-02 21:52:20,2025-01-26 21:52:20
448,372,8,2024-01-31 00:13:46,2024-06-06 00:13:46
449,146,10,2024-01-15 16:16:24,2024-12-12 16:16:24
450,329,19,2024-01-16 16:19:14,2024-06-26 16:19:14
451,381,14,2024-02-01 17:23:55,2024-05-28 17:23:55
452,36,3,2024-01-02 00:53:00,2024-05-12 00:53:00
453,484,17,2024-02-21 08:19:45,2024-11-02 08:19:45
454,360,4,2024-02-21 11:32:32,2024-05-24 11:32:32
455,387,13,2024-02-06 04:25:26,2024-04-12 04:25:26
456,458,12,2024-02-29 22:27:36,2024-04-29 22:27:36
457,38,7,2024-01-22 22:51:10,2025-01-06 22:51:10
458,17,20,2024-02-29 16:04:50,2024-12-21 16:04:50
459,54,1,2024-03-02 05:31:08,2024-07-26 05:31:08
460,84,7,2024-01-28 20:53:03,2024-10-26 20:53:03
461,244,20,2024-01-23 03:39:31,2024-11-15 03:39:31
462,410,19,2024-01-17 01:30:09,2024-08-20 01:30:09
463,118,19,2024-01-22 05:16:01,2024-12-02 05:16:01
464,249,15,2024-02-06 12:37:04,2024-11-24 12:37:04
465,397,6,2024-02-10 22:48:59,2024-07-29 22:48:59
466,181,19,2024-01-05 21:23:04,2024-12-05 21:23:04
467,237,11,2024-01-24 09:03:11,2024-05-29 09:03:11
468,307,15,2024-01-02 17:30:49,2024-12-18 17:30:49
469,2,3,2024-01-21 22:23:06,2024-05-19 22:23:06
470,79,19,2024-01-20 07:43:47,2025-01-06 07:43:47
471,206,9,2024-01-22 14:21:10,2024-07-12 14:21:10
472,287,13,2024-01-15 17:52:00,2024-08-05 17:52:00
473,297,10,2024-02-22 05:05:56,2024-10-14 05:05:56
474,412,17,2024-01-23 18:52:45,2024-06-29 18:52:45
475,174,16,2024-01-26 23:18:37,2024-04-19 23:18:37
476,375,6,2024-02-13 18:31:37,2024-10-06 18:31:37
477,419,14,2024-01-16 02:58:49,2024-06-07 02:58:49
478,302,6,2024-01-25 15:51:54,2024-05-22 15:51:54
479,469,6,2024-02-10 20:26:59,2024-04-09 20:26:59
480,71,11,2024-01-09 10:26:29,2024-03-24 10:26:29
481,111,17,2024-02-29 11:47:29,2025-01-20 11:47:29
482,274,15,2024-01-21 01:12:11,2024-05-10 01:12:11
483,368,19,2024-01-09 07:11:37,2024-04-24 07:11:37
484,448,6,2024-01-14 14:21:50,2024-08-06 14:21:50
485,280,15,2024-01-25 02:22:31,2024-05-30 02:22:31
486,463,15,2024-01-11 23:51:23,2024-11-24 23:51:23
487,8,4,2024-03-02 18:03:28,2025-01-06 18:03:28
488,134,16,2024-01-21 16:02:20,2024-08-30 16:02:20
489,228,10,2024-01-31 17:26:54,2024-03-28 17:26:54
490,73,13,2024-02-28 11:00:45,2024-11-04 11:00:45
491,162,13,2024-02-20 05:03:57,2024-10-12 05:03:57
492,261,18,2024-01-23 17:05:24,2024-03-07 17:05:24
493,301,3,2024-02-23 05:20:01,2024-07-01 05:20:01
494,452,15,2024-02-28 01:09:24,2024-10-31 01:09:24
495,101,16,2024-01-19 15:05:29,2024-09-02 15:05:29
496,322,17,2024-02-03 18:39:08,2024-05-15 18:39:08
497,324,16,2024-02-14 09:11:27,2024-03-15 09:11:27
498,385,15,2024-02-12 16:28:39,2024-11-24 16:28:39
499,437,20,2024-01-03 12:27:40,2024-10-18 12:27:40
500,480,18,2024-02-23 03:31:20,2024-10-09 03:31:20
